open_time,0
2020-01-01 00:00:00+00:00,10000.0
2020-01-02 00:00:00+00:00,10000.0
2020-01-03 00:00:00+00:00,9969.714063088768
2020-01-04 00:00:00+00:00,9976.716754745985
2020-01-05 00:00:00+00:00,9984.338088349554
2020-01-06 00:00:00+00:00,10012.511342550933
2020-01-07 00:00:00+00:00,10264.618031545398
2020-01-08 00:00:00+00:00,10146.96503974241
2020-01-09 00:00:00+00:00,10146.96503974241
2020-01-10 00:00:00+00:00,10146.96503974241
2020-01-11 00:00:00+00:00,10025.393044585173
2020-01-12 00:00:00+00:00,10124.902798496641
2020-01-13 00:00:00+00:00,10045.172239233116
2020-01-14 00:00:00+00:00,10274.677888949622
2020-01-15 00:00:00+00:00,10272.62439569068
2020-01-16 00:00:00+00:00,10214.772811721878
2020-01-17 00:00:00+00:00,10326.774230901494
2020-01-18 00:00:00+00:00,10331.307545299574
2020-01-19 00:00:00+00:00,10202.051445787958
2020-01-20 00:00:00+00:00,10202.051445787958
2020-01-21 00:00:00+00:00,10202.051445787958
2020-01-22 00:00:00+00:00,10202.051445787958
2020-01-23 00:00:00+00:00,10202.051445787958
2020-01-24 00:00:00+00:00,10202.051445787958
2020-01-25 00:00:00+00:00,10202.051445787958
2020-01-26 00:00:00+00:00,10202.051445787958
2020-01-27 00:00:00+00:00,10345.019772569745
2020-01-28 00:00:00+00:00,10627.877228533926
2020-01-29 00:00:00+00:00,10541.874138047218
2020-01-30 00:00:00+00:00,10784.717973933959
2020-01-31 00:00:00+00:00,10604.425499927354
2020-02-01 00:00:00+00:00,10634.702572766708
2020-02-02 00:00:00+00:00,10533.642164312274
2020-02-03 00:00:00+00:00,10509.823438162295
2020-02-04 00:00:00+00:00,10452.299222457756
2020-02-05 00:00:00+00:00,10788.634251131172
2020-02-06 00:00:00+00:00,10956.256287239243
2020-02-07 00:00:00+00:00,11002.8672524925
2020-02-08 00:00:00+00:00,11097.885859684535
2020-02-09 00:00:00+00:00,11387.301960328781
2020-02-10 00:00:00+00:00,11039.07699536927
2020-02-11 00:00:00+00:00,11219.465509378302
2020-02-12 00:00:00+00:00,11340.66645230162
2020-02-13 00:00:00+00:00,11248.66540140245
2020-02-14 00:00:00+00:00,11376.685533649414
2020-02-15 00:00:00+00:00,10923.875782859199
2020-02-16 00:00:00+00:00,10928.237473534024
2020-02-17 00:00:00+00:00,10814.99447817786
2020-02-18 00:00:00+00:00,11070.882363962335
2020-02-19 00:00:00+00:00,10448.61489633276
2020-02-20 00:00:00+00:00,10452.719951278816
2020-02-21 00:00:00+00:00,10495.648073576163
2020-02-22 00:00:00+00:00,10485.167143319251
2020-02-23 00:00:00+00:00,10680.65125550689
2020-02-24 00:00:00+00:00,10420.889984143902
2020-02-25 00:00:00+00:00,10237.83823209136
2020-02-26 00:00:00+00:00,10154.588854210775
2020-02-27 00:00:00+00:00,10154.588854210775
2020-02-28 00:00:00+00:00,10154.588854210775
2020-02-29 00:00:00+00:00,10154.588854210775
2020-03-01 00:00:00+00:00,10154.588854210775
2020-03-02 00:00:00+00:00,10141.438915625584
2020-03-03 00:00:00+00:00,10021.757009646022
2020-03-04 00:00:00+00:00,10021.757009646022
2020-03-05 00:00:00+00:00,10008.724915950348
2020-03-06 00:00:00+00:00,10051.316495833915
2020-03-07 00:00:00+00:00,9996.774994206355
2020-03-08 00:00:00+00:00,9996.774994206355
2020-03-09 00:00:00+00:00,9996.774994206355
2020-03-10 00:00:00+00:00,9996.774994206355
2020-03-11 00:00:00+00:00,9996.774994206355
2020-03-12 00:00:00+00:00,9996.774994206355
2020-03-13 00:00:00+00:00,9996.774994206355
2020-03-14 00:00:00+00:00,9996.774994206355
2020-03-15 00:00:00+00:00,9996.774994206355
2020-03-16 00:00:00+00:00,9996.774994206355
2020-03-17 00:00:00+00:00,9996.774994206355
2020-03-18 00:00:00+00:00,9996.774994206355
2020-03-19 00:00:00+00:00,10261.343483801254
2020-03-20 00:00:00+00:00,10092.257135932836
2020-03-21 00:00:00+00:00,10092.257135932836
2020-03-22 00:00:00+00:00,10092.257135932836
2020-03-23 00:00:00+00:00,10092.257135932836
2020-03-24 00:00:00+00:00,10108.447980990333
2020-03-25 00:00:00+00:00,10059.34575318906
2020-03-26 00:00:00+00:00,10104.052400307679
2020-03-27 00:00:00+00:00,9820.350585840508
2020-03-28 00:00:00+00:00,9817.895498194048
2020-03-29 00:00:00+00:00,9817.895498194048
2020-03-30 00:00:00+00:00,9762.933171883267
2020-03-31 00:00:00+00:00,9775.043978341071
2020-04-01 00:00:00+00:00,9691.757894839657
2020-04-02 00:00:00+00:00,9702.948030367714
2020-04-03 00:00:00+00:00,9656.496682396257
2020-04-04 00:00:00+00:00,9747.216413036098
2020-04-05 00:00:00+00:00,9689.234767714108
2020-04-06 00:00:00+00:00,10088.858504599559
2020-04-07 00:00:00+00:00,9942.090243373945
2020-04-08 00:00:00+00:00,9942.090243373945
2020-04-09 00:00:00+00:00,9940.376183999459
2020-04-10 00:00:00+00:00,9652.376999935754
2020-04-11 00:00:00+00:00,9664.92703841574
2020-04-12 00:00:00+00:00,9519.957970634396
2020-04-13 00:00:00+00:00,9343.370589811262
2020-04-14 00:00:00+00:00,9363.941278772994
2020-04-15 00:00:00+00:00,9195.260718318947
2020-04-16 00:00:00+00:00,9562.568242156533
2020-04-17 00:00:00+00:00,9458.373031075866
2020-04-18 00:00:00+00:00,9758.133996357104
2020-04-19 00:00:00+00:00,9590.824468997882
2020-04-20 00:00:00+00:00,9287.55839660329
2020-04-21 00:00:00+00:00,9296.72582552822
2020-04-22 00:00:00+00:00,9488.65446960933
2020-04-23 00:00:00+00:00,9940.124803782403
2020-04-24 00:00:00+00:00,9965.114920353739
2020-04-25 00:00:00+00:00,10004.424371561527
2020-04-26 00:00:00+00:00,10217.633666814558
2020-04-27 00:00:00+00:00,10323.172425097433
2020-04-28 00:00:00+00:00,10271.785697390449
2020-04-29 00:00:00+00:00,11665.707494054986
2020-04-30 00:00:00+00:00,11453.590994089487
2020-05-01 00:00:00+00:00,11726.021604313255
2020-05-02 00:00:00+00:00,11916.796377768364
2020-05-03 00:00:00+00:00,11731.478152513566
2020-05-04 00:00:00+00:00,11714.568377624464
2020-05-05 00:00:00+00:00,11811.598807949202
2020-05-06 00:00:00+00:00,11834.836345052385
2020-05-07 00:00:00+00:00,12930.165138419976
2020-05-08 00:00:00+00:00,12689.599812549659
2020-05-09 00:00:00+00:00,12453.672941473385
2020-05-10 00:00:00+00:00,11914.56396891891
2020-05-11 00:00:00+00:00,11804.352618815361
2020-05-12 00:00:00+00:00,11977.17168979175
2020-05-13 00:00:00+00:00,12331.267842200485
2020-05-14 00:00:00+00:00,12966.012311102455
2020-05-15 00:00:00+00:00,12335.215733609188
2020-05-16 00:00:00+00:00,12419.727265324555
2020-05-17 00:00:00+00:00,12823.087890463243
2020-05-18 00:00:00+00:00,12894.361037896802
2020-05-19 00:00:00+00:00,12949.699674806161
2020-05-20 00:00:00+00:00,12530.107742884615
2020-05-21 00:00:00+00:00,12235.109910780453
2020-05-22 00:00:00+00:00,12306.76122437216
2020-05-23 00:00:00+00:00,12313.45402415465
2020-05-24 00:00:00+00:00,12002.414418428589
2020-05-25 00:00:00+00:00,12129.363876188609
2020-05-26 00:00:00+00:00,12089.296205885186
2020-05-27 00:00:00+00:00,12334.799918963949
2020-05-28 00:00:00+00:00,12543.883484018446
2020-05-29 00:00:00+00:00,12310.063531430585
2020-05-30 00:00:00+00:00,12465.985972455035
2020-05-31 00:00:00+00:00,12146.586243296399
2020-06-01 00:00:00+00:00,13156.481927735049
2020-06-02 00:00:00+00:00,12208.71737682337
2020-06-03 00:00:00+00:00,12304.110571516503
2020-06-04 00:00:00+00:00,12383.535581915447
2020-06-05 00:00:00+00:00,12380.439698019965
2020-06-06 00:00:00+00:00,12378.08359574468
2020-06-07 00:00:00+00:00,12414.319205741302
2020-06-08 00:00:00+00:00,12436.31413215688
2020-06-09 00:00:00+00:00,12430.756612641564
2020-06-10 00:00:00+00:00,12502.867658848803
2020-06-11 00:00:00+00:00,12118.012795969576
2020-06-12 00:00:00+00:00,12118.012795969576
2020-06-13 00:00:00+00:00,12136.973263445785
2020-06-14 00:00:00+00:00,12098.130074883615
2020-06-15 00:00:00+00:00,12098.130074883615
2020-06-16 00:00:00+00:00,12096.694298613893
2020-06-17 00:00:00+00:00,12096.694298613893
2020-06-18 00:00:00+00:00,12092.181965000966
2020-06-19 00:00:00+00:00,12043.637113897794
2020-06-20 00:00:00+00:00,12073.82441623372
2020-06-21 00:00:00+00:00,12034.900601029956
2020-06-22 00:00:00+00:00,12432.239654976354
2020-06-23 00:00:00+00:00,12361.031834752015
2020-06-24 00:00:00+00:00,12071.917821643348
2020-06-25 00:00:00+00:00,11967.496637884246
2020-06-26 00:00:00+00:00,11967.496637884246
2020-06-27 00:00:00+00:00,11967.496637884246
2020-06-28 00:00:00+00:00,11967.496637884246
2020-06-29 00:00:00+00:00,11967.496637884246
2020-06-30 00:00:00+00:00,11967.496637884246
2020-07-01 00:00:00+00:00,11931.773322191126
2020-07-02 00:00:00+00:00,11811.030734134347
2020-07-03 00:00:00+00:00,11811.030734134347
2020-07-04 00:00:00+00:00,11811.030734134347
2020-07-05 00:00:00+00:00,11811.030734134347
2020-07-06 00:00:00+00:00,11854.095525283985
2020-07-07 00:00:00+00:00,11802.812130572624
2020-07-08 00:00:00+00:00,11916.28086750574
2020-07-09 00:00:00+00:00,11826.692597391626
2020-07-10 00:00:00+00:00,11826.692597391626
2020-07-11 00:00:00+00:00,11826.692597391626
2020-07-12 00:00:00+00:00,11826.692597391626
2020-07-13 00:00:00+00:00,11805.424588653375
2020-07-14 00:00:00+00:00,11802.47323250621
2020-07-15 00:00:00+00:00,11802.47323250621
2020-07-16 00:00:00+00:00,11802.47323250621
2020-07-17 00:00:00+00:00,11802.47323250621
2020-07-18 00:00:00+00:00,11802.47323250621
2020-07-19 00:00:00+00:00,11802.47323250621
2020-07-20 00:00:00+00:00,11802.47323250621
2020-07-21 00:00:00+00:00,11846.120888405534
2020-07-22 00:00:00+00:00,11907.823359839156
2020-07-23 00:00:00+00:00,12015.658664812456
2020-07-24 00:00:00+00:00,11934.127663878598
2020-07-25 00:00:00+00:00,12137.306604616831
2020-07-26 00:00:00+00:00,12434.302187615622
2020-07-27 00:00:00+00:00,13817.368685653793
2020-07-28 00:00:00+00:00,13657.711941597936
2020-07-29 00:00:00+00:00,13901.48488407917
2020-07-30 00:00:00+00:00,13898.61812881685
2020-07-31 00:00:00+00:00,14186.677968559528
2020-08-01 00:00:00+00:00,14770.054082492792
2020-08-02 00:00:00+00:00,13917.117197900448
2020-08-03 00:00:00+00:00,14008.814640938803
2020-08-04 00:00:00+00:00,13992.084901994955
2020-08-05 00:00:00+00:00,14442.85742849159
2020-08-06 00:00:00+00:00,14468.086655478795
2020-08-07 00:00:00+00:00,14230.013146336016
2020-08-08 00:00:00+00:00,14333.34934803771
2020-08-09 00:00:00+00:00,14284.796912583966
2020-08-10 00:00:00+00:00,14430.551521033132
2020-08-11 00:00:00+00:00,14005.694433538023
2020-08-12 00:00:00+00:00,14113.84684808819
2020-08-13 00:00:00+00:00,14249.30178790233
2020-08-14 00:00:00+00:00,14236.461987663355
2020-08-15 00:00:00+00:00,14242.519295963282
2020-08-16 00:00:00+00:00,14317.423349730556
2020-08-17 00:00:00+00:00,14768.5789542246
2020-08-18 00:00:00+00:00,14356.209479249648
2020-08-19 00:00:00+00:00,14237.478761233142
2020-08-20 00:00:00+00:00,14294.250250444473
2020-08-21 00:00:00+00:00,14101.029435818378
2020-08-22 00:00:00+00:00,14181.730190726053
2020-08-23 00:00:00+00:00,14171.723219046553
2020-08-24 00:00:00+00:00,14208.47141121036
2020-08-25 00:00:00+00:00,13900.041704434512
2020-08-26 00:00:00+00:00,13985.346317571602
2020-08-27 00:00:00+00:00,13905.651091697773
2020-08-28 00:00:00+00:00,14022.172788599893
2020-08-29 00:00:00+00:00,13972.068963997426
2020-08-30 00:00:00+00:00,14055.441500086656
2020-08-31 00:00:00+00:00,13988.939808519635
2020-09-01 00:00:00+00:00,14313.559213682707
2020-09-02 00:00:00+00:00,13874.751715357874
2020-09-03 00:00:00+00:00,13874.751715357874
2020-09-04 00:00:00+00:00,13874.751715357874
2020-09-05 00:00:00+00:00,13874.751715357874
2020-09-06 00:00:00+00:00,13874.751715357874
2020-09-07 00:00:00+00:00,13874.751715357874
2020-09-08 00:00:00+00:00,13874.751715357874
2020-09-09 00:00:00+00:00,13874.751715357874
2020-09-10 00:00:00+00:00,13874.751715357874
2020-09-11 00:00:00+00:00,13874.751715357874
2020-09-12 00:00:00+00:00,13874.751715357874
2020-09-13 00:00:00+00:00,13715.380847964607
2020-09-14 00:00:00+00:00,13729.776610701565
2020-09-15 00:00:00+00:00,13804.387635292353
2020-09-16 00:00:00+00:00,13913.818552444149
2020-09-17 00:00:00+00:00,13828.85394275892
2020-09-18 00:00:00+00:00,13828.85394275892
2020-09-19 00:00:00+00:00,13790.043100218301
2020-09-20 00:00:00+00:00,13645.420532317165
2020-09-21 00:00:00+00:00,13645.420532317165
2020-09-22 00:00:00+00:00,13645.420532317165
2020-09-23 00:00:00+00:00,13645.420532317165
2020-09-24 00:00:00+00:00,13621.192039021673
2020-09-25 00:00:00+00:00,13594.93380112909
2020-09-26 00:00:00+00:00,13622.794656189568
2020-09-27 00:00:00+00:00,13573.900137802357
2020-09-28 00:00:00+00:00,13448.324113515486
2020-09-29 00:00:00+00:00,13444.962032487108
2020-09-30 00:00:00+00:00,13444.962032487108
2020-10-01 00:00:00+00:00,13219.131004093617
2020-10-02 00:00:00+00:00,13165.507986024228
2020-10-03 00:00:00+00:00,13152.736176429828
2020-10-04 00:00:00+00:00,13228.996917388116
2020-10-05 00:00:00+00:00,13357.034280517304
2020-10-06 00:00:00+00:00,13119.300790821624
2020-10-07 00:00:00+00:00,13159.177148369463
2020-10-08 00:00:00+00:00,13319.730782882016
2020-10-09 00:00:00+00:00,13437.350540033462
2020-10-10 00:00:00+00:00,13734.205495752192
2020-10-11 00:00:00+00:00,13825.01534212554
2020-10-12 00:00:00+00:00,13872.19748427689
2020-10-13 00:00:00+00:00,13694.49960693979
2020-10-14 00:00:00+00:00,13693.342866540539
2020-10-15 00:00:00+00:00,13744.42746804192
2020-10-16 00:00:00+00:00,13635.052693854395
2020-10-17 00:00:00+00:00,13657.204607515483
2020-10-18 00:00:00+00:00,13744.304053639045
2020-10-19 00:00:00+00:00,14031.790233882639
2020-10-20 00:00:00+00:00,14216.978461558612
2020-10-21 00:00:00+00:00,15288.654332286626
2020-10-22 00:00:00+00:00,15495.310530240513
2020-10-23 00:00:00+00:00,15359.63083584569
2020-10-24 00:00:00+00:00,15469.428828774824
2020-10-25 00:00:00+00:00,15253.461813889535
2020-10-26 00:00:00+00:00,15280.512157067677
2020-10-27 00:00:00+00:00,15962.120474399744
2020-10-28 00:00:00+00:00,15555.037633097694
2020-10-29 00:00:00+00:00,15667.12176066153
2020-10-30 00:00:00+00:00,15726.887405872141
2020-10-31 00:00:00+00:00,15798.750145828571
2020-11-01 00:00:00+00:00,15763.807081790084
2020-11-02 00:00:00+00:00,15461.668899728254
2020-11-03 00:00:00+00:00,15732.512424588222
2020-11-04 00:00:00+00:00,15861.302565697093
2020-11-05 00:00:00+00:00,17505.44027666823
2020-11-06 00:00:00+00:00,17496.507506272195
2020-11-07 00:00:00+00:00,16694.352501896425
2020-11-08 00:00:00+00:00,17057.623674589195
2020-11-09 00:00:00+00:00,16587.370356474858
2020-11-10 00:00:00+00:00,16567.563750368012
2020-11-11 00:00:00+00:00,16781.79289405522
2020-11-12 00:00:00+00:00,17217.36784745361
2020-11-13 00:00:00+00:00,17248.62758400052
2020-11-14 00:00:00+00:00,16913.85296697402
2020-11-15 00:00:00+00:00,16854.532678958632
2020-11-16 00:00:00+00:00,17415.70211152381
2020-11-17 00:00:00+00:00,18421.791374885303
2020-11-18 00:00:00+00:00,18545.168821914664
2020-11-19 00:00:00+00:00,18570.040898313342
2020-11-20 00:00:00+00:00,19459.53485639635
2020-11-21 00:00:00+00:00,19519.252570078785
2020-11-22 00:00:00+00:00,19119.327496854326
2020-11-23 00:00:00+00:00,19092.025798035258
2020-11-24 00:00:00+00:00,19573.978823676003
2020-11-25 00:00:00+00:00,19127.6987891797
2020-11-26 00:00:00+00:00,18150.147460442524
2020-11-27 00:00:00+00:00,18145.384942380868
2020-11-28 00:00:00+00:00,18448.580117902275
2020-11-29 00:00:00+00:00,18703.977393981913
2020-11-30 00:00:00+00:00,20286.748564819558
2020-12-01 00:00:00+00:00,19199.81504156818
2020-12-02 00:00:00+00:00,19422.80134325082
2020-12-03 00:00:00+00:00,19536.49074127878
2020-12-04 00:00:00+00:00,19148.554213495816
2020-12-05 00:00:00+00:00,19397.73397006041
2020-12-06 00:00:00+00:00,19512.903770329558
2020-12-07 00:00:00+00:00,19183.70810935124
2020-12-08 00:00:00+00:00,18756.39062740148
2020-12-09 00:00:00+00:00,18868.199935965742
2020-12-10 00:00:00+00:00,18723.32987635272
2020-12-11 00:00:00+00:00,18609.882236770645
2020-12-12 00:00:00+00:00,18969.108165847516
2020-12-13 00:00:00+00:00,19341.17268681272
2020-12-14 00:00:00+00:00,19435.459925381394
2020-12-15 00:00:00+00:00,19593.25630091463
2020-12-16 00:00:00+00:00,21530.363510609426
2020-12-17 00:00:00+00:00,23011.209115443125
2020-12-18 00:00:00+00:00,23318.77251705311
2020-12-19 00:00:00+00:00,24046.448756355087
2020-12-20 00:00:00+00:00,23666.032813559174
2020-12-21 00:00:00+00:00,22780.021601223947
2020-12-22 00:00:00+00:00,23326.097749171266
2020-12-23 00:00:00+00:00,23037.822221169245
2020-12-24 00:00:00+00:00,23284.222030392404
2020-12-25 00:00:00+00:00,23820.91088635691
2020-12-26 00:00:00+00:00,25534.08098072205
2020-12-27 00:00:00+00:00,25303.05116439776
2020-12-28 00:00:00+00:00,25687.413778202805
2020-12-29 00:00:00+00:00,25829.573224360312
2020-12-30 00:00:00+00:00,27111.446262525547
2020-12-31 00:00:00+00:00,27157.448652673913
2021-01-01 00:00:00+00:00,27521.915025254668
2021-01-02 00:00:00+00:00,30215.40257819993
2021-01-03 00:00:00+00:00,31022.388048246237
2021-01-04 00:00:00+00:00,30129.607531185073
2021-01-05 00:00:00+00:00,31061.36021261901
2021-01-06 00:00:00+00:00,32934.46941302473
2021-01-07 00:00:00+00:00,35327.376218199504
2021-01-08 00:00:00+00:00,36331.074821538925
2021-01-09 00:00:00+00:00,35878.812167586795
2021-01-10 00:00:00+00:00,34613.12878983051
2021-01-11 00:00:00+00:00,33345.90462485483
2021-01-12 00:00:00+00:00,32712.46868242812
2021-01-13 00:00:00+00:00,34321.561967713016
2021-01-14 00:00:00+00:00,35167.3343938353
2021-01-15 00:00:00+00:00,33104.91675328344
2021-01-16 00:00:00+00:00,32775.1730430708
2021-01-17 00:00:00+00:00,32706.113313363603
2021-01-18 00:00:00+00:00,33077.59255639608
2021-01-19 00:00:00+00:00,32717.35064520932
2021-01-20 00:00:00+00:00,32536.50726601448
2021-01-21 00:00:00+00:00,30418.297046076306
2021-01-22 00:00:00+00:00,31458.332651834553
2021-01-23 00:00:00+00:00,31027.28260372245
2021-01-24 00:00:00+00:00,31121.43197901912
2021-01-25 00:00:00+00:00,31106.69063647873
2021-01-26 00:00:00+00:00,31209.823517385812
2021-01-27 00:00:00+00:00,30202.625906510344
2021-01-28 00:00:00+00:00,31787.526650324646
2021-01-29 00:00:00+00:00,32617.34570598121
2021-01-30 00:00:00+00:00,32638.903204617112
2021-01-31 00:00:00+00:00,31624.493391965745
2021-02-01 00:00:00+00:00,31588.8961484828
2021-02-02 00:00:00+00:00,32549.801879436367
2021-02-03 00:00:00+00:00,34513.77092177253
2021-02-04 00:00:00+00:00,33543.07719339451
2021-02-05 00:00:00+00:00,33543.07719339451
2021-02-06 00:00:00+00:00,32809.33260873009
2021-02-07 00:00:00+00:00,32552.156797099826
2021-02-08 00:00:00+00:00,36817.7876890839
2021-02-09 00:00:00+00:00,36836.85636750361
2021-02-10 00:00:00+00:00,35348.77047220538
2021-02-11 00:00:00+00:00,36614.14150927029
2021-02-12 00:00:00+00:00,36347.81402537897
2021-02-13 00:00:00+00:00,36291.80032843354
2021-02-14 00:00:00+00:00,36842.84451867839
2021-02-15 00:00:00+00:00,36587.484806055916
2021-02-16 00:00:00+00:00,37051.22987478049
2021-02-17 00:00:00+00:00,38531.70131585928
2021-02-18 00:00:00+00:00,38104.58751474494
2021-02-19 00:00:00+00:00,41354.09931085042
2021-02-20 00:00:00+00:00,41286.156587321624
2021-02-21 00:00:00+00:00,42449.80928591271
2021-02-22 00:00:00+00:00,40237.84378996671
2021-02-23 00:00:00+00:00,38303.66919608929
2021-02-24 00:00:00+00:00,38609.57497354886
2021-02-25 00:00:00+00:00,37593.16378091891
2021-02-26 00:00:00+00:00,37273.21769950857
2021-02-27 00:00:00+00:00,37188.625190915234
2021-02-28 00:00:00+00:00,36811.53512357025
2021-03-01 00:00:00+00:00,38759.564439492504
2021-03-02 00:00:00+00:00,37503.998250163895
2021-03-03 00:00:00+00:00,38039.38719397497
2021-03-04 00:00:00+00:00,36808.17945145581
2021-03-05 00:00:00+00:00,36954.503912809276
2021-03-06 00:00:00+00:00,37006.01249953522
2021-03-07 00:00:00+00:00,38311.946409214055
2021-03-08 00:00:00+00:00,38387.081091113665
2021-03-09 00:00:00+00:00,40197.0494499468
2021-03-10 00:00:00+00:00,40944.48547369472
2021-03-11 00:00:00+00:00,41286.462763705495
2021-03-12 00:00:00+00:00,40344.574046883725
2021-03-13 00:00:00+00:00,42312.05434747088
2021-03-14 00:00:00+00:00,40772.75666336337
2021-03-15 00:00:00+00:00,39593.77504212624
2021-03-16 00:00:00+00:00,40059.15695858449
2021-03-17 00:00:00+00:00,40922.75616683855
2021-03-18 00:00:00+00:00,39925.80384098987
2021-03-19 00:00:00+00:00,40059.61460717212
2021-03-20 00:00:00+00:00,40079.03916416807
2021-03-21 00:00:00+00:00,39744.49128779446
2021-03-22 00:00:00+00:00,38521.095018277556
2021-03-23 00:00:00+00:00,38612.902234561894
2021-03-24 00:00:00+00:00,37872.57032128367
2021-03-25 00:00:00+00:00,37516.66796096001
2021-03-26 00:00:00+00:00,38871.67916498861
2021-03-27 00:00:00+00:00,39023.32282413953
2021-03-28 00:00:00+00:00,38791.17127874913
2021-03-29 00:00:00+00:00,39604.77675786856
2021-03-30 00:00:00+00:00,40375.07963434849
2021-03-31 00:00:00+00:00,40181.30591216964
2021-04-01 00:00:00+00:00,40175.05609359933
2021-04-02 00:00:00+00:00,40255.30797060521
2021-04-03 00:00:00+00:00,39610.421350945755
2021-04-04 00:00:00+00:00,39990.737343684814
2021-04-05 00:00:00+00:00,40337.12130377106
2021-04-06 00:00:00+00:00,39428.96365531513
2021-04-07 00:00:00+00:00,38737.603787908774
2021-04-08 00:00:00+00:00,39242.64958960061
2021-04-09 00:00:00+00:00,39260.48396790507
2021-04-10 00:00:00+00:00,39993.28971819475
2021-04-11 00:00:00+00:00,40068.87511685288
2021-04-12 00:00:00+00:00,39962.10942438247
2021-04-13 00:00:00+00:00,42453.34837780781
2021-04-14 00:00:00+00:00,41809.777140161255
2021-04-15 00:00:00+00:00,41880.99636346104
2021-04-16 00:00:00+00:00,41281.69191893367
2021-04-17 00:00:00+00:00,40833.2300315409
2021-04-18 00:00:00+00:00,39507.64518288141
2021-04-19 00:00:00+00:00,39507.64518288141
2021-04-20 00:00:00+00:00,39092.94716877716
2021-04-21 00:00:00+00:00,38440.66580728042
2021-04-22 00:00:00+00:00,37685.04950678989
2021-04-23 00:00:00+00:00,36323.15986269689
2021-04-24 00:00:00+00:00,36323.15986269689
2021-04-25 00:00:00+00:00,36323.15986269689
2021-04-26 00:00:00+00:00,36709.734761725136
2021-04-27 00:00:00+00:00,37057.60375938695
2021-04-28 00:00:00+00:00,36773.437442236325
2021-04-29 00:00:00+00:00,36773.437442236325
2021-04-30 00:00:00+00:00,36940.43683418504
2021-05-01 00:00:00+00:00,36988.61338900042
2021-05-02 00:00:00+00:00,36591.510686499176
2021-05-03 00:00:00+00:00,35682.33328083115
2021-05-04 00:00:00+00:00,35082.4364165118
2021-05-05 00:00:00+00:00,35151.573980154164
2021-05-06 00:00:00+00:00,34314.49683772913
2021-05-07 00:00:00+00:00,34314.49683772913
2021-05-08 00:00:00+00:00,34296.453549052865
2021-05-09 00:00:00+00:00,33587.50794752656
2021-05-10 00:00:00+00:00,33587.50794752656
2021-05-11 00:00:00+00:00,33587.50794752656
2021-05-12 00:00:00+00:00,33587.50794752656
2021-05-13 00:00:00+00:00,33587.50794752656
2021-05-14 00:00:00+00:00,33587.50794752656
2021-05-15 00:00:00+00:00,33587.50794752656
2021-05-16 00:00:00+00:00,33587.50794752656
2021-05-17 00:00:00+00:00,33587.50794752656
2021-05-18 00:00:00+00:00,33587.50794752656
2021-05-19 00:00:00+00:00,33587.50794752656
2021-05-20 00:00:00+00:00,33587.50794752656
2021-05-21 00:00:00+00:00,33587.50794752656
2021-05-22 00:00:00+00:00,33587.50794752656
2021-05-23 00:00:00+00:00,33587.50794752656
2021-05-24 00:00:00+00:00,33587.50794752656
2021-05-25 00:00:00+00:00,33587.50794752656
2021-05-26 00:00:00+00:00,33033.114661675514
2021-05-27 00:00:00+00:00,32352.932875867722
2021-05-28 00:00:00+00:00,32352.932875867722
2021-05-29 00:00:00+00:00,32352.932875867722
2021-05-30 00:00:00+00:00,32352.932875867722
2021-05-31 00:00:00+00:00,32352.932875867722
2021-06-01 00:00:00+00:00,31654.76013333638
2021-06-02 00:00:00+00:00,31654.76013333638
2021-06-03 00:00:00+00:00,31838.905638775035
2021-06-04 00:00:00+00:00,31301.07435077836
2021-06-05 00:00:00+00:00,31301.07435077836
2021-06-06 00:00:00+00:00,31301.07435077836
2021-06-07 00:00:00+00:00,31301.07435077836
2021-06-08 00:00:00+00:00,31301.07435077836
2021-06-09 00:00:00+00:00,31418.601319581165
2021-06-10 00:00:00+00:00,31125.61156587845
2021-06-11 00:00:00+00:00,31394.090653507395
2021-06-12 00:00:00+00:00,30935.079629520216
2021-06-13 00:00:00+00:00,30837.875900812414
2021-06-14 00:00:00+00:00,31429.548230013217
2021-06-15 00:00:00+00:00,31289.97930997409
2021-06-16 00:00:00+00:00,30693.555121409565
2021-06-17 00:00:00+00:00,30789.029314123392
2021-06-18 00:00:00+00:00,30789.029314123392
2021-06-19 00:00:00+00:00,30789.029314123392
2021-06-20 00:00:00+00:00,30829.99101348518
2021-06-21 00:00:00+00:00,29695.412826090815
2021-06-22 00:00:00+00:00,29695.412826090815
2021-06-23 00:00:00+00:00,29695.412826090815
2021-06-24 00:00:00+00:00,29695.412826090815
2021-06-25 00:00:00+00:00,29695.412826090815
2021-06-26 00:00:00+00:00,29695.412826090815
2021-06-27 00:00:00+00:00,29695.412826090815
2021-06-28 00:00:00+00:00,29469.408518640685
2021-06-29 00:00:00+00:00,29881.877998005937
2021-06-30 00:00:00+00:00,28987.168590070512
2021-07-01 00:00:00+00:00,28987.168590070512
2021-07-02 00:00:00+00:00,28987.168590070512
2021-07-03 00:00:00+00:00,28987.168590070512
2021-07-04 00:00:00+00:00,29018.738300432484
2021-07-05 00:00:00+00:00,28715.17412492926
2021-07-06 00:00:00+00:00,28837.535331441155
2021-07-07 00:00:00+00:00,28969.105913533655
2021-07-08 00:00:00+00:00,28969.105913533655
2021-07-09 00:00:00+00:00,28969.105913533655
2021-07-10 00:00:00+00:00,28969.105913533655
2021-07-11 00:00:00+00:00,28867.509341019148
2021-07-12 00:00:00+00:00,28553.242408666214
2021-07-13 00:00:00+00:00,28553.242408666214
2021-07-14 00:00:00+00:00,28553.242408666214
2021-07-15 00:00:00+00:00,28553.242408666214
2021-07-16 00:00:00+00:00,28553.242408666214
2021-07-17 00:00:00+00:00,28553.242408666214
2021-07-18 00:00:00+00:00,28553.242408666214
2021-07-19 00:00:00+00:00,28553.242408666214
2021-07-20 00:00:00+00:00,28553.242408666214
2021-07-21 00:00:00+00:00,28641.359561229423
2021-07-22 00:00:00+00:00,28707.805456873266
2021-07-23 00:00:00+00:00,29315.23978929184
2021-07-24 00:00:00+00:00,29829.33579025414
2021-07-25 00:00:00+00:00,30824.492241006275
2021-07-26 00:00:00+00:00,32431.915400332706
2021-07-27 00:00:00+00:00,33094.89601238281
2021-07-28 00:00:00+00:00,33025.271419008204
2021-07-29 00:00:00+00:00,33037.733103136845
2021-07-30 00:00:00+00:00,33987.69494031327
2021-07-31 00:00:00+00:00,33378.11558592108
2021-08-01 00:00:00+00:00,32247.808144529667
2021-08-02 00:00:00+00:00,31965.32389399458
2021-08-03 00:00:00+00:00,31579.713901595438
2021-08-04 00:00:00+00:00,32212.108997700143
2021-08-05 00:00:00+00:00,32679.37762571773
2021-08-06 00:00:00+00:00,33685.920154223895
2021-08-07 00:00:00+00:00,35084.58267993525
2021-08-08 00:00:00+00:00,34447.614026834926
2021-08-09 00:00:00+00:00,35398.08732512796
2021-08-10 00:00:00+00:00,34583.746058082754
2021-08-11 00:00:00+00:00,34558.01112951227
2021-08-12 00:00:00+00:00,34126.41303290937
2021-08-13 00:00:00+00:00,35494.958891559174
2021-08-14 00:00:00+00:00,34969.323869620515
2021-08-15 00:00:00+00:00,34451.51653526543
2021-08-16 00:00:00+00:00,34055.81480729013
2021-08-17 00:00:00+00:00,33602.44462942356
2021-08-18 00:00:00+00:00,33605.74140371622
2021-08-19 00:00:00+00:00,34379.30860285349
2021-08-20 00:00:00+00:00,36102.11440558275
2021-08-21 00:00:00+00:00,35748.56482420829
2021-08-22 00:00:00+00:00,35692.2380993831
2021-08-23 00:00:00+00:00,35653.74514517867
2021-08-24 00:00:00+00:00,34804.969923284334
2021-08-25 00:00:00+00:00,35268.56615868746
2021-08-26 00:00:00+00:00,34498.17319212221
2021-08-27 00:00:00+00:00,35319.303878317885
2021-08-28 00:00:00+00:00,35263.249063523566
2021-08-29 00:00:00+00:00,34709.036590852535
2021-08-30 00:00:00+00:00,34079.26800645906
2021-08-31 00:00:00+00:00,34125.01293924923
2021-09-01 00:00:00+00:00,34737.540365116394
2021-09-02 00:00:00+00:00,34731.915038724605
2021-09-03 00:00:00+00:00,34734.54231669608
2021-09-04 00:00:00+00:00,34704.56872755398
2021-09-05 00:00:00+00:00,35370.019782132236
2021-09-06 00:00:00+00:00,35974.794801607764
2021-09-07 00:00:00+00:00,33383.62644037246
2021-09-08 00:00:00+00:00,33322.753842788894
2021-09-09 00:00:00+00:00,33442.36162108971
2021-09-10 00:00:00+00:00,33166.72852998284
2021-09-11 00:00:00+00:00,33166.72852998284
2021-09-12 00:00:00+00:00,33157.0349381283
2021-09-13 00:00:00+00:00,33157.0349381283
2021-09-14 00:00:00+00:00,33334.16082775897
2021-09-15 00:00:00+00:00,34056.08961687013
2021-09-16 00:00:00+00:00,33580.97808738705
2021-09-17 00:00:00+00:00,33485.92296261783
2021-09-18 00:00:00+00:00,33346.48385412596
2021-09-19 00:00:00+00:00,33012.76509773283
2021-09-20 00:00:00+00:00,33012.76509773283
2021-09-21 00:00:00+00:00,33012.76509773283
2021-09-22 00:00:00+00:00,33012.76509773283
2021-09-23 00:00:00+00:00,33012.76509773283
2021-09-24 00:00:00+00:00,33012.76509773283
2021-09-25 00:00:00+00:00,33012.76509773283
2021-09-26 00:00:00+00:00,33012.76509773283
2021-09-27 00:00:00+00:00,33012.76509773283
2021-09-28 00:00:00+00:00,33012.76509773283
2021-09-29 00:00:00+00:00,33012.76509773283
2021-09-30 00:00:00+00:00,32937.6533431876
2021-10-01 00:00:00+00:00,34565.70564296377
2021-10-02 00:00:00+00:00,34388.23502021409
2021-10-03 00:00:00+00:00,33980.84154181939
2021-10-04 00:00:00+00:00,33714.94287048906
2021-10-05 00:00:00+00:00,34318.72727159122
2021-10-06 00:00:00+00:00,36893.375938813566
2021-10-07 00:00:00+00:00,35888.103656378706
2021-10-08 00:00:00+00:00,35993.393279533615
2021-10-09 00:00:00+00:00,36650.766932414626
2021-10-10 00:00:00+00:00,36477.717454226244
2021-10-11 00:00:00+00:00,38344.404053786406
2021-10-12 00:00:00+00:00,37481.238558814126
2021-10-13 00:00:00+00:00,37944.267742586715
2021-10-14 00:00:00+00:00,37617.1043315201
2021-10-15 00:00:00+00:00,40458.82265005787
2021-10-16 00:00:00+00:00,39947.551969771914
2021-10-17 00:00:00+00:00,39666.63138830761
2021-10-18 00:00:00+00:00,39816.88683553106
2021-10-19 00:00:00+00:00,40814.79329723011
2021-10-20 00:00:00+00:00,41924.06187783195
2021-10-21 00:00:00+00:00,39962.77979296502
2021-10-22 00:00:00+00:00,39473.24410441827
2021-10-23 00:00:00+00:00,39665.25073020932
2021-10-24 00:00:00+00:00,39528.684715966374
2021-10-25 00:00:00+00:00,40380.26831235417
2021-10-26 00:00:00+00:00,39291.330061702414
2021-10-27 00:00:00+00:00,38669.86821100099
2021-10-28 00:00:00+00:00,39388.555698536635
2021-10-29 00:00:00+00:00,39814.86049787569
2021-10-30 00:00:00+00:00,39548.54901964131
2021-10-31 00:00:00+00:00,38866.97413776716
2021-11-01 00:00:00+00:00,38740.124211087525
2021-11-02 00:00:00+00:00,39501.42235690965
2021-11-03 00:00:00+00:00,39159.411289578595
2021-11-04 00:00:00+00:00,38687.085148142134
2021-11-05 00:00:00+00:00,38552.34704761361
2021-11-06 00:00:00+00:00,38711.29502135991
2021-11-07 00:00:00+00:00,39525.5316399223
2021-11-08 00:00:00+00:00,42202.070486600554
2021-11-09 00:00:00+00:00,41827.66269152053
2021-11-10 00:00:00+00:00,40323.91000953707
2021-11-11 00:00:00+00:00,40296.584362028785
2021-11-12 00:00:00+00:00,40086.62166420219
2021-11-13 00:00:00+00:00,40171.26103431211
2021-11-14 00:00:00+00:00,40527.08895847453
2021-11-15 00:00:00+00:00,39426.38709438724
2021-11-16 00:00:00+00:00,38545.531089014
2021-11-17 00:00:00+00:00,38545.531089014
2021-11-18 00:00:00+00:00,38545.531089014
2021-11-19 00:00:00+00:00,38545.531089014
2021-11-20 00:00:00+00:00,38545.531089014
2021-11-21 00:00:00+00:00,38545.531089014
2021-11-22 00:00:00+00:00,38545.531089014
2021-11-23 00:00:00+00:00,38545.531089014
2021-11-24 00:00:00+00:00,38545.531089014
2021-11-25 00:00:00+00:00,38637.06241231346
2021-11-26 00:00:00+00:00,37981.325239128666
2021-11-27 00:00:00+00:00,37981.325239128666
2021-11-28 00:00:00+00:00,37981.325239128666
2021-11-29 00:00:00+00:00,37984.71782250601
2021-11-30 00:00:00+00:00,37482.90960418727
2021-12-01 00:00:00+00:00,37482.90960418727
2021-12-02 00:00:00+00:00,37482.90960418727
2021-12-03 00:00:00+00:00,37482.90960418727
2021-12-04 00:00:00+00:00,37482.90960418727
2021-12-05 00:00:00+00:00,37482.90960418727
2021-12-06 00:00:00+00:00,37482.90960418727
2021-12-07 00:00:00+00:00,37060.81544508443
2021-12-08 00:00:00+00:00,37106.50153639872
2021-12-09 00:00:00+00:00,37106.50153639872
2021-12-10 00:00:00+00:00,37106.50153639872
2021-12-11 00:00:00+00:00,37106.50153639872
2021-12-12 00:00:00+00:00,37033.25280169591
2021-12-13 00:00:00+00:00,36478.14991212641
2021-12-14 00:00:00+00:00,36478.14991212641
2021-12-15 00:00:00+00:00,36478.14991212641
2021-12-16 00:00:00+00:00,36478.14991212641
2021-12-17 00:00:00+00:00,36478.14991212641
2021-12-18 00:00:00+00:00,36478.14991212641
2021-12-19 00:00:00+00:00,36478.14991212641
2021-12-20 00:00:00+00:00,36478.14991212641
2021-12-21 00:00:00+00:00,36593.26682631116
2021-12-22 00:00:00+00:00,36475.60987381804
2021-12-23 00:00:00+00:00,36632.75144841785
2021-12-24 00:00:00+00:00,36631.25295159326
2021-12-25 00:00:00+00:00,36483.86908436117
2021-12-26 00:00:00+00:00,36340.58634376456
2021-12-27 00:00:00+00:00,36056.03025141419
2021-12-28 00:00:00+00:00,35918.48250393078
2021-12-29 00:00:00+00:00,35918.48250393078
2021-12-30 00:00:00+00:00,35918.48250393078
2021-12-31 00:00:00+00:00,35918.48250393078
2022-01-01 00:00:00+00:00,35950.787929373866
2022-01-02 00:00:00+00:00,35950.787929373866
2022-01-03 00:00:00+00:00,35950.787929373866
2022-01-04 00:00:00+00:00,35950.787929373866
2022-01-05 00:00:00+00:00,35950.787929373866
2022-01-06 00:00:00+00:00,35950.787929373866
2022-01-07 00:00:00+00:00,35950.787929373866
2022-01-08 00:00:00+00:00,35950.787929373866
2022-01-09 00:00:00+00:00,35950.787929373866
2022-01-10 00:00:00+00:00,35950.787929373866
2022-01-11 00:00:00+00:00,35950.787929373866
2022-01-12 00:00:00+00:00,35940.99078307657
2022-01-13 00:00:00+00:00,35639.19653319001
2022-01-14 00:00:00+00:00,35639.19653319001
2022-01-15 00:00:00+00:00,35639.19653319001
2022-01-16 00:00:00+00:00,35639.19653319001
2022-01-17 00:00:00+00:00,35639.19653319001
2022-01-18 00:00:00+00:00,35639.19653319001
2022-01-19 00:00:00+00:00,35639.19653319001
2022-01-20 00:00:00+00:00,35639.19653319001
2022-01-21 00:00:00+00:00,35639.19653319001
2022-01-22 00:00:00+00:00,35639.19653319001
2022-01-23 00:00:00+00:00,35639.19653319001
2022-01-24 00:00:00+00:00,35639.19653319001
2022-01-25 00:00:00+00:00,35639.19653319001
2022-01-26 00:00:00+00:00,34934.32019201781
2022-01-27 00:00:00+00:00,34934.32019201781
2022-01-28 00:00:00+00:00,34934.32019201781
2022-01-29 00:00:00+00:00,34934.13442845718
2022-01-30 00:00:00+00:00,34629.61441077117
2022-01-31 00:00:00+00:00,34629.61441077117
2022-02-01 00:00:00+00:00,34629.61441077117
2022-02-02 00:00:00+00:00,34629.61441077117
2022-02-03 00:00:00+00:00,34629.61441077117
2022-02-04 00:00:00+00:00,35526.82352576697
2022-02-05 00:00:00+00:00,35375.57948117115
2022-02-06 00:00:00+00:00,35810.979964440376
2022-02-07 00:00:00+00:00,36860.23805837146
2022-02-08 00:00:00+00:00,36770.799384872946
2022-02-09 00:00:00+00:00,36911.74882391769
2022-02-10 00:00:00+00:00,36542.47614358029
2022-02-11 00:00:00+00:00,36077.070945104875
2022-02-12 00:00:00+00:00,36068.0516773686
2022-02-13 00:00:00+00:00,36068.0516773686
2022-02-14 00:00:00+00:00,36240.07130265657
2022-02-15 00:00:00+00:00,36856.487589950084
2022-02-16 00:00:00+00:00,36200.164923747456
2022-02-17 00:00:00+00:00,35084.14212957925
2022-02-18 00:00:00+00:00,34786.119856686615
2022-02-19 00:00:00+00:00,34823.765410655644
2022-02-20 00:00:00+00:00,34091.42648995223
2022-02-21 00:00:00+00:00,33477.74943447277
2022-02-22 00:00:00+00:00,34032.32324802034
2022-02-23 00:00:00+00:00,33594.801730350155
2022-02-24 00:00:00+00:00,32708.978232609014
2022-02-25 00:00:00+00:00,33080.32010904452
2022-02-26 00:00:00+00:00,33035.558137944
2022-02-27 00:00:00+00:00,32432.344388406105
2022-02-28 00:00:00+00:00,35354.73591221206
2022-03-01 00:00:00+00:00,36368.23440452053
2022-03-02 00:00:00+00:00,35951.74291950089
2022-03-03 00:00:00+00:00,35120.45973890323
2022-03-04 00:00:00+00:00,33744.80586010046
2022-03-05 00:00:00+00:00,33736.369658635434
2022-03-06 00:00:00+00:00,33736.369658635434
2022-03-07 00:00:00+00:00,33736.369658635434
2022-03-08 00:00:00+00:00,33736.369658635434
2022-03-09 00:00:00+00:00,33855.25132403735
2022-03-10 00:00:00+00:00,33439.97964790362
2022-03-11 00:00:00+00:00,33439.97964790362
2022-03-12 00:00:00+00:00,33439.97964790362
2022-03-13 00:00:00+00:00,33439.97964790362
2022-03-14 00:00:00+00:00,33439.97964790362
2022-03-15 00:00:00+00:00,33439.97964790362
2022-03-16 00:00:00+00:00,33528.139441277686
2022-03-17 00:00:00+00:00,33443.59281962379
2022-03-18 00:00:00+00:00,33579.92967780365
2022-03-19 00:00:00+00:00,33931.48299714088
2022-03-20 00:00:00+00:00,33087.614784090554
2022-03-21 00:00:00+00:00,32975.46748538563
2022-03-22 00:00:00+00:00,33271.61818958098
2022-03-23 00:00:00+00:00,33679.25789020549
2022-03-24 00:00:00+00:00,34545.51629622254
2022-03-25 00:00:00+00:00,34793.20585218828
2022-03-26 00:00:00+00:00,34948.15297851511
2022-03-27 00:00:00+00:00,36779.22246973091
2022-03-28 00:00:00+00:00,37016.0142877235
2022-03-29 00:00:00+00:00,37248.342159203254
2022-03-30 00:00:00+00:00,36877.36816028968
2022-03-31 00:00:00+00:00,36271.1060303402
2022-04-01 00:00:00+00:00,36574.15369318153
2022-04-02 00:00:00+00:00,36387.86656535553
2022-04-03 00:00:00+00:00,36626.25511952727
2022-04-04 00:00:00+00:00,36700.62398641192
2022-04-05 00:00:00+00:00,36265.90565883937
2022-04-06 00:00:00+00:00,35341.82018201409
2022-04-07 00:00:00+00:00,35445.56764799394
2022-04-08 00:00:00+00:00,34960.70889515616
2022-04-09 00:00:00+00:00,35167.18313507549
2022-04-10 00:00:00+00:00,34925.493479031815
2022-04-11 00:00:00+00:00,33834.05173936746
2022-04-12 00:00:00+00:00,33866.12293038984
2022-04-13 00:00:00+00:00,34323.32462664134
2022-04-14 00:00:00+00:00,33740.42613356042
2022-04-15 00:00:00+00:00,33740.42613356042
2022-04-16 00:00:00+00:00,33740.42613356042
2022-04-17 00:00:00+00:00,33740.42613356042
2022-04-18 00:00:00+00:00,33740.42613356042
2022-04-19 00:00:00+00:00,33753.77222527231
2022-04-20 00:00:00+00:00,33491.55904694672
2022-04-21 00:00:00+00:00,33071.06369691151
2022-04-22 00:00:00+00:00,33071.06369691151
2022-04-23 00:00:00+00:00,33071.06369691151
2022-04-24 00:00:00+00:00,33071.06369691151
2022-04-25 00:00:00+00:00,33071.06369691151
2022-04-26 00:00:00+00:00,33071.06369691151
2022-04-27 00:00:00+00:00,33071.06369691151
2022-04-28 00:00:00+00:00,33071.06369691151
2022-04-29 00:00:00+00:00,33071.06369691151
2022-04-30 00:00:00+00:00,33071.06369691151
2022-05-01 00:00:00+00:00,33071.06369691151
2022-05-02 00:00:00+00:00,33071.06369691151
2022-05-03 00:00:00+00:00,33071.06369691151
2022-05-04 00:00:00+00:00,33090.66485134962
2022-05-05 00:00:00+00:00,32470.028141509294
2022-05-06 00:00:00+00:00,32470.028141509294
2022-05-07 00:00:00+00:00,32470.028141509294
2022-05-08 00:00:00+00:00,32470.028141509294
2022-05-09 00:00:00+00:00,32470.028141509294
2022-05-10 00:00:00+00:00,32470.028141509294
2022-05-11 00:00:00+00:00,32470.028141509294
2022-05-12 00:00:00+00:00,32470.028141509294
2022-05-13 00:00:00+00:00,32470.028141509294
2022-05-14 00:00:00+00:00,32470.028141509294
2022-05-15 00:00:00+00:00,32602.098074914975
2022-05-16 00:00:00+00:00,31792.151830424093
2022-05-17 00:00:00+00:00,31792.151830424093
2022-05-18 00:00:00+00:00,31792.151830424093
2022-05-19 00:00:00+00:00,31792.151830424093
2022-05-20 00:00:00+00:00,31792.151830424093
2022-05-21 00:00:00+00:00,31792.151830424093
2022-05-22 00:00:00+00:00,31792.151830424093
2022-05-23 00:00:00+00:00,31792.151830424093
2022-05-24 00:00:00+00:00,31792.151830424093
2022-05-25 00:00:00+00:00,31792.151830424093
2022-05-26 00:00:00+00:00,31792.151830424093
2022-05-27 00:00:00+00:00,31792.151830424093
2022-05-28 00:00:00+00:00,31792.151830424093
2022-05-29 00:00:00+00:00,31792.151830424093
2022-05-30 00:00:00+00:00,32832.78288858812
2022-05-31 00:00:00+00:00,32870.298397661856
2022-06-01 00:00:00+00:00,32532.695883925182
2022-06-02 00:00:00+00:00,32532.695883925182
2022-06-03 00:00:00+00:00,32532.695883925182
2022-06-04 00:00:00+00:00,32532.695883925182
2022-06-05 00:00:00+00:00,32532.695883925182
2022-06-06 00:00:00+00:00,32532.695883925182
2022-06-07 00:00:00+00:00,31587.789178219704
2022-06-08 00:00:00+00:00,31856.94740600409
2022-06-09 00:00:00+00:00,31796.517979074844
2022-06-10 00:00:00+00:00,31761.216737464118
2022-06-11 00:00:00+00:00,31761.216737464118
2022-06-12 00:00:00+00:00,31761.216737464118
2022-06-13 00:00:00+00:00,31761.216737464118
2022-06-14 00:00:00+00:00,31761.216737464118
2022-06-15 00:00:00+00:00,31761.216737464118
2022-06-16 00:00:00+00:00,31761.216737464118
2022-06-17 00:00:00+00:00,31761.216737464118
2022-06-18 00:00:00+00:00,31761.216737464118
2022-06-19 00:00:00+00:00,31761.216737464118
2022-06-20 00:00:00+00:00,31761.216737464118
2022-06-21 00:00:00+00:00,31098.438980837174
2022-06-22 00:00:00+00:00,30859.565297014487
2022-06-23 00:00:00+00:00,30859.565297014487
2022-06-24 00:00:00+00:00,30859.565297014487
2022-06-25 00:00:00+00:00,30859.565297014487
2022-06-26 00:00:00+00:00,30375.810663803335
2022-06-27 00:00:00+00:00,30152.232853691163
2022-06-28 00:00:00+00:00,30152.232853691163
2022-06-29 00:00:00+00:00,30152.232853691163
2022-06-30 00:00:00+00:00,30152.232853691163
2022-07-01 00:00:00+00:00,30152.232853691163
2022-07-02 00:00:00+00:00,30152.232853691163
2022-07-03 00:00:00+00:00,30152.232853691163
2022-07-04 00:00:00+00:00,30199.801218164703
2022-07-05 00:00:00+00:00,29660.75886565254
2022-07-06 00:00:00+00:00,29660.75886565254
2022-07-07 00:00:00+00:00,30152.288642402695
2022-07-08 00:00:00+00:00,30133.738014642284
2022-07-09 00:00:00+00:00,30128.433895612652
2022-07-10 00:00:00+00:00,29925.89072343814
2022-07-11 00:00:00+00:00,29925.89072343814
2022-07-12 00:00:00+00:00,29925.89072343814
2022-07-13 00:00:00+00:00,29925.89072343814
2022-07-14 00:00:00+00:00,29813.98262487046
2022-07-15 00:00:00+00:00,29849.298654647453
2022-07-16 00:00:00+00:00,29739.19970321727
2022-07-17 00:00:00+00:00,29268.71249579138
2022-07-18 00:00:00+00:00,30791.466208837595
2022-07-19 00:00:00+00:00,32113.065260144394
2022-07-20 00:00:00+00:00,31885.116787210012
2022-07-21 00:00:00+00:00,31458.87930697509
2022-07-22 00:00:00+00:00,31139.796554961125
2022-07-23 00:00:00+00:00,30979.814967496895
2022-07-24 00:00:00+00:00,31070.034821996207
2022-07-25 00:00:00+00:00,30195.298099978118
2022-07-26 00:00:00+00:00,30153.55033150532
2022-07-27 00:00:00+00:00,31360.12139818113
2022-07-28 00:00:00+00:00,32341.28478605125
2022-07-29 00:00:00+00:00,32069.75117155745
2022-07-30 00:00:00+00:00,31974.571405997456
2022-07-31 00:00:00+00:00,31744.606174916233
2022-08-01 00:00:00+00:00,31722.524027543855
2022-08-02 00:00:00+00:00,31529.86406258946
2022-08-03 00:00:00+00:00,31409.942271102504
2022-08-04 00:00:00+00:00,31277.421178731467
2022-08-05 00:00:00+00:00,31754.14633123439
2022-08-06 00:00:00+00:00,31512.425963454458
2022-08-07 00:00:00+00:00,31666.393539353292
2022-08-08 00:00:00+00:00,32355.885805842507
2022-08-09 00:00:00+00:00,31666.316033222338
2022-08-10 00:00:00+00:00,32214.24767309002
2022-08-11 00:00:00+00:00,31820.239770888227
2022-08-12 00:00:00+00:00,32133.02333634653
2022-08-13 00:00:00+00:00,32160.364540023125
2022-08-14 00:00:00+00:00,32071.437684307864
2022-08-15 00:00:00+00:00,31933.48592931012
2022-08-16 00:00:00+00:00,31773.253998164404
2022-08-17 00:00:00+00:00,31382.71256673039
2022-08-18 00:00:00+00:00,31215.110511422346
2022-08-19 00:00:00+00:00,30337.865333752256
2022-08-20 00:00:00+00:00,30337.865333752256
2022-08-21 00:00:00+00:00,30337.865333752256
2022-08-22 00:00:00+00:00,30337.865333752256
2022-08-23 00:00:00+00:00,30537.113083904587
2022-08-24 00:00:00+00:00,30280.33058265239
2022-08-25 00:00:00+00:00,30272.760500006727
2022-08-26 00:00:00+00:00,30272.760500006727
2022-08-27 00:00:00+00:00,30272.760500006727
2022-08-28 00:00:00+00:00,30272.760500006727
2022-08-29 00:00:00+00:00,30272.760500006727
2022-08-30 00:00:00+00:00,30272.760500006727
2022-08-31 00:00:00+00:00,30272.760500006727
2022-09-01 00:00:00+00:00,30272.760500006727
2022-09-02 00:00:00+00:00,30272.760500006727
2022-09-03 00:00:00+00:00,30272.760500006727
2022-09-04 00:00:00+00:00,30272.760500006727
2022-09-05 00:00:00+00:00,30272.760500006727
2022-09-06 00:00:00+00:00,30272.760500006727
2022-09-07 00:00:00+00:00,30272.760500006727
2022-09-08 00:00:00+00:00,30272.760500006727
2022-09-09 00:00:00+00:00,31009.72288818805
2022-09-10 00:00:00+00:00,31218.271900886935
2022-09-11 00:00:00+00:00,31348.10450893463
2022-09-12 00:00:00+00:00,31754.53093550493
2022-09-13 00:00:00+00:00,31045.56790400805
2022-09-14 00:00:00+00:00,31045.56790400805
2022-09-15 00:00:00+00:00,31045.56790400805
2022-09-16 00:00:00+00:00,31045.56790400805
2022-09-17 00:00:00+00:00,31045.56790400805
2022-09-18 00:00:00+00:00,31045.56790400805
2022-09-19 00:00:00+00:00,31045.56790400805
2022-09-20 00:00:00+00:00,31045.56790400805
2022-09-21 00:00:00+00:00,31045.56790400805
2022-09-22 00:00:00+00:00,31045.56790400805
2022-09-23 00:00:00+00:00,31045.56790400805
2022-09-24 00:00:00+00:00,31045.56790400805
2022-09-25 00:00:00+00:00,31045.56790400805
2022-09-26 00:00:00+00:00,31045.56790400805
2022-09-27 00:00:00+00:00,30807.84643603827
2022-09-28 00:00:00+00:00,30800.14447442926
2022-09-29 00:00:00+00:00,30800.14447442926
2022-09-30 00:00:00+00:00,30800.14447442926
2022-10-01 00:00:00+00:00,30800.14447442926
2022-10-02 00:00:00+00:00,30800.14447442926
2022-10-03 00:00:00+00:00,30800.14447442926
2022-10-04 00:00:00+00:00,31484.600256234822
2022-10-05 00:00:00+00:00,31201.61702837864
2022-10-06 00:00:00+00:00,30898.732313183413
2022-10-07 00:00:00+00:00,30644.31286838606
2022-10-08 00:00:00+00:00,30644.31286838606
2022-10-09 00:00:00+00:00,30644.31286838606
2022-10-10 00:00:00+00:00,30644.31286838606
2022-10-11 00:00:00+00:00,30644.31286838606
2022-10-12 00:00:00+00:00,30644.31286838606
2022-10-13 00:00:00+00:00,30644.31286838606
2022-10-14 00:00:00+00:00,30149.39032240814
2022-10-15 00:00:00+00:00,30149.39032240814
2022-10-16 00:00:00+00:00,30149.39032240814
2022-10-17 00:00:00+00:00,30402.32961770217
2022-10-18 00:00:00+00:00,30121.88323160105
2022-10-19 00:00:00+00:00,29962.628642574728
2022-10-20 00:00:00+00:00,30031.02291885161
2022-10-21 00:00:00+00:00,30009.98233621477
2022-10-22 00:00:00+00:00,30019.14601362123
2022-10-23 00:00:00+00:00,30318.640522851652
2022-10-24 00:00:00+00:00,29943.000742070813
2022-10-25 00:00:00+00:00,30500.10455391088
2022-10-26 00:00:00+00:00,31540.815181490736
2022-10-27 00:00:00+00:00,30888.98649697573
2022-10-28 00:00:00+00:00,31115.260474252744
2022-10-29 00:00:00+00:00,31183.05726344742
2022-10-30 00:00:00+00:00,30887.362223674252
2022-10-31 00:00:00+00:00,30787.35299231573
2022-11-01 00:00:00+00:00,30779.762308098325
2022-11-02 00:00:00+00:00,30530.10683336058
2022-11-03 00:00:00+00:00,30667.964825044197
2022-11-04 00:00:00+00:00,31320.885309785273
2022-11-05 00:00:00+00:00,31546.630876356165
2022-11-06 00:00:00+00:00,31172.11785686305
2022-11-07 00:00:00+00:00,30932.361655816803
2022-11-08 00:00:00+00:00,29395.84777943143
2022-11-09 00:00:00+00:00,29388.49881748657
2022-11-10 00:00:00+00:00,29388.49881748657
2022-11-11 00:00:00+00:00,29388.49881748657
2022-11-12 00:00:00+00:00,29388.49881748657
2022-11-13 00:00:00+00:00,29388.49881748657
2022-11-14 00:00:00+00:00,29388.49881748657
2022-11-15 00:00:00+00:00,29388.49881748657
2022-11-16 00:00:00+00:00,29388.49881748657
2022-11-17 00:00:00+00:00,29388.49881748657
2022-11-18 00:00:00+00:00,29388.49881748657
2022-11-19 00:00:00+00:00,29388.49881748657
2022-11-20 00:00:00+00:00,29388.49881748657
2022-11-21 00:00:00+00:00,29388.49881748657
2022-11-22 00:00:00+00:00,29388.49881748657
2022-11-23 00:00:00+00:00,29388.49881748657
2022-11-24 00:00:00+00:00,29253.827381279538
2022-11-25 00:00:00+00:00,29060.95512560683
2022-11-26 00:00:00+00:00,29060.95512560683
2022-11-27 00:00:00+00:00,29060.95512560683
2022-11-28 00:00:00+00:00,29060.95512560683
2022-11-29 00:00:00+00:00,29060.95512560683
2022-11-30 00:00:00+00:00,29324.85204249035
2022-12-01 00:00:00+00:00,29168.42610201256
2022-12-02 00:00:00+00:00,29265.106464657674
2022-12-03 00:00:00+00:00,29090.626972005604
2022-12-04 00:00:00+00:00,29280.117015636126
2022-12-05 00:00:00+00:00,29118.763761882303
2022-12-06 00:00:00+00:00,29118.763761882303
2022-12-07 00:00:00+00:00,29118.763761882303
2022-12-08 00:00:00+00:00,29461.862660293784
2022-12-09 00:00:00+00:00,29452.710174126736
2022-12-10 00:00:00+00:00,29451.07589196896
2022-12-11 00:00:00+00:00,29414.262371397763
2022-12-12 00:00:00+00:00,29519.932581453366
2022-12-13 00:00:00+00:00,30301.05056511928
2022-12-14 00:00:00+00:00,30346.22762178179
2022-12-15 00:00:00+00:00,29806.579717069424
2022-12-16 00:00:00+00:00,29181.396447303327
2022-12-17 00:00:00+00:00,29231.31909457907
2022-12-18 00:00:00+00:00,29198.28421568825
2022-12-19 00:00:00+00:00,28935.45345982554
2022-12-20 00:00:00+00:00,29338.860971955335
2022-12-21 00:00:00+00:00,29279.965118283635
2022-12-22 00:00:00+00:00,29276.309409397723
2022-12-23 00:00:00+00:00,29242.27219152523
2022-12-24 00:00:00+00:00,29288.027688407263
2022-12-25 00:00:00+00:00,29283.937887074855
2022-12-26 00:00:00+00:00,29360.696033868204
2022-12-27 00:00:00+00:00,29174.508909791057
2022-12-28 00:00:00+00:00,29115.61235213708
2022-12-29 00:00:00+00:00,29115.61235213708
2022-12-30 00:00:00+00:00,29115.61235213708
2022-12-31 00:00:00+00:00,29115.61235213708
2023-01-01 00:00:00+00:00,29115.61235213708
2023-01-02 00:00:00+00:00,29068.196221757964
2023-01-03 00:00:00+00:00,29069.504675035434
2023-01-04 00:00:00+00:00,29228.228600807422
2023-01-05 00:00:00+00:00,29182.493574876004
2023-01-06 00:00:00+00:00,29095.09946435365
2023-01-07 00:00:00+00:00,29095.09946435365
2023-01-08 00:00:00+00:00,29095.09946435365
2023-01-09 00:00:00+00:00,29103.44939598602
2023-01-10 00:00:00+00:00,29431.158630675785
2023-01-11 00:00:00+00:00,29336.624816824642
2023-01-12 00:00:00+00:00,30559.47429902117
2023-01-13 00:00:00+00:00,32321.537257022726
2023-01-14 00:00:00+00:00,34006.69839063616
2023-01-15 00:00:00+00:00,33876.351881476876
2023-01-16 00:00:00+00:00,34371.45332707887
2023-01-17 00:00:00+00:00,34278.259318285425
2023-01-18 00:00:00+00:00,33826.78945700952
2023-01-19 00:00:00+00:00,34144.11785029154
2023-01-20 00:00:00+00:00,35712.86181937028
2023-01-21 00:00:00+00:00,35902.62060854987
2023-01-22 00:00:00+00:00,35582.4409700666
2023-01-23 00:00:00+00:00,35745.74134895719
2023-01-24 00:00:00+00:00,35522.579430933954
2023-01-25 00:00:00+00:00,35452.75564551258
2023-01-26 00:00:00+00:00,35362.8183200544
2023-01-27 00:00:00+00:00,35126.81403176526
2023-01-28 00:00:00+00:00,35087.14633483698
2023-01-29 00:00:00+00:00,35673.92514290574
2023-01-30 00:00:00+00:00,34562.84011552557
2023-01-31 00:00:00+00:00,34789.57463591416
2023-02-01 00:00:00+00:00,35356.37994812018
2023-02-02 00:00:00+00:00,34966.96087180532
2023-02-03 00:00:00+00:00,34916.05797017747
2023-02-04 00:00:00+00:00,34839.890388410735
2023-02-05 00:00:00+00:00,34545.980161576445
2023-02-06 00:00:00+00:00,34416.486981430266
2023-02-07 00:00:00+00:00,34776.63980217338
2023-02-08 00:00:00+00:00,34568.36068215776
2023-02-09 00:00:00+00:00,33692.93509024969
2023-02-10 00:00:00+00:00,33557.81398824939
2023-02-11 00:00:00+00:00,33738.4981747924
2023-02-12 00:00:00+00:00,33676.6605250569
2023-02-13 00:00:00+00:00,33672.94713950072
2023-02-14 00:00:00+00:00,33998.59625771332
2023-02-15 00:00:00+00:00,37072.68631081714
2023-02-16 00:00:00+00:00,36205.398838192436
2023-02-17 00:00:00+00:00,37017.259315275165
2023-02-18 00:00:00+00:00,37059.19903835293
2023-02-19 00:00:00+00:00,36780.3894541436
2023-02-20 00:00:00+00:00,37222.90520593373
2023-02-21 00:00:00+00:00,36918.45506798122
2023-02-22 00:00:00+00:00,36713.42688456312
2023-02-23 00:00:00+00:00,36529.26081450155
2023-02-24 00:00:00+00:00,35954.499819766344
2023-02-25 00:00:00+00:00,35945.062624855665
2023-02-26 00:00:00+00:00,35959.82782977456
2023-02-27 00:00:00+00:00,35900.084408684335
2023-02-28 00:00:00+00:00,35632.20848711211
2023-03-01 00:00:00+00:00,36009.6421437777
2023-03-02 00:00:00+00:00,36000.639733241755
2023-03-03 00:00:00+00:00,36000.639733241755
2023-03-04 00:00:00+00:00,36000.639733241755
2023-03-05 00:00:00+00:00,36000.639733241755
2023-03-06 00:00:00+00:00,36000.639733241755
2023-03-07 00:00:00+00:00,36000.639733241755
2023-03-08 00:00:00+00:00,36000.639733241755
2023-03-09 00:00:00+00:00,36000.639733241755
2023-03-10 00:00:00+00:00,36000.639733241755
2023-03-11 00:00:00+00:00,36000.639733241755
2023-03-12 00:00:00+00:00,36000.639733241755
2023-03-13 00:00:00+00:00,38869.007977970694
2023-03-14 00:00:00+00:00,39774.536121475125
2023-03-15 00:00:00+00:00,39138.74062229595
2023-03-16 00:00:00+00:00,39713.47858287579
2023-03-17 00:00:00+00:00,43506.36387423855
2023-03-18 00:00:00+00:00,42748.53256210873
2023-03-19 00:00:00+00:00,44415.386878492296
2023-03-20 00:00:00+00:00,44015.33765247911
2023-03-21 00:00:00+00:00,44630.7476230381
2023-03-22 00:00:00+00:00,42797.559047575276
2023-03-23 00:00:00+00:00,43622.74747522288
2023-03-24 00:00:00+00:00,42970.89268535611
2023-03-25 00:00:00+00:00,42977.39256687909
2023-03-26 00:00:00+00:00,43374.64319294508
2023-03-27 00:00:00+00:00,42721.097506201055
2023-03-28 00:00:00+00:00,42829.427143337605
2023-03-29 00:00:00+00:00,43554.04344263387
2023-03-30 00:00:00+00:00,42904.6760740922
2023-03-31 00:00:00+00:00,43241.60464917867
2023-04-01 00:00:00+00:00,43233.17078237757
2023-04-02 00:00:00+00:00,43018.553141743745
2023-04-03 00:00:00+00:00,42730.843590776996
2023-04-04 00:00:00+00:00,43014.73177447735
2023-04-05 00:00:00+00:00,43013.81388867275
2023-04-06 00:00:00+00:00,42913.59000443538
2023-04-07 00:00:00+00:00,42812.44262526219
2023-04-08 00:00:00+00:00,42838.614465430364
2023-04-09 00:00:00+00:00,43037.19121058197
2023-04-10 00:00:00+00:00,45034.409332561525
2023-04-11 00:00:00+00:00,45888.25519456081
2023-04-12 00:00:00+00:00,45416.83191977645
2023-04-13 00:00:00+00:00,46158.861811783776
2023-04-14 00:00:00+00:00,46296.74354778598
2023-04-15 00:00:00+00:00,45987.88823585654
2023-04-16 00:00:00+00:00,45992.59631281494
2023-04-17 00:00:00+00:00,45334.521127302476
2023-04-18 00:00:00+00:00,46063.310234994016
2023-04-19 00:00:00+00:00,44871.974081517736
2023-04-20 00:00:00+00:00,44312.731173936256
2023-04-21 00:00:00+00:00,43596.533830874236
2023-04-22 00:00:00+00:00,43585.63469741652
2023-04-23 00:00:00+00:00,43292.09377910145
2023-04-24 00:00:00+00:00,43379.03859177141
2023-04-25 00:00:00+00:00,44001.381886601994
2023-04-26 00:00:00+00:00,43427.41823731062
2023-04-27 00:00:00+00:00,43843.206123113996
2023-04-28 00:00:00+00:00,43724.96169549737
2023-04-29 00:00:00+00:00,43659.896164962156
2023-04-30 00:00:00+00:00,43346.590228457135
2023-05-01 00:00:00+00:00,41924.36480126521
2023-05-02 00:00:00+00:00,42232.566491714846
2023-05-03 00:00:00+00:00,42521.580985482215
2023-05-04 00:00:00+00:00,42380.54337243658
2023-05-05 00:00:00+00:00,42795.794056044724
2023-05-06 00:00:00+00:00,42018.3928496025
2023-05-07 00:00:00+00:00,41713.57585059911
2023-05-08 00:00:00+00:00,41364.40709175118
2023-05-09 00:00:00+00:00,41364.40709175118
2023-05-10 00:00:00+00:00,41364.40709175118
2023-05-11 00:00:00+00:00,41364.40709175118
2023-05-12 00:00:00+00:00,41364.40709175118
2023-05-13 00:00:00+00:00,41364.40709175118
2023-05-14 00:00:00+00:00,41364.40709175118
2023-05-15 00:00:00+00:00,41225.67107690912
2023-05-16 00:00:00+00:00,41106.405145955825
2023-05-17 00:00:00+00:00,41106.405145955825
2023-05-18 00:00:00+00:00,41106.405145955825
2023-05-19 00:00:00+00:00,41106.405145955825
2023-05-20 00:00:00+00:00,41106.405145955825
2023-05-21 00:00:00+00:00,40775.85849967006
2023-05-22 00:00:00+00:00,40775.85849967006
2023-05-23 00:00:00+00:00,40766.51915767806
2023-05-24 00:00:00+00:00,40766.51915767806
2023-05-25 00:00:00+00:00,40766.51915767806
2023-05-26 00:00:00+00:00,40766.51915767806
2023-05-27 00:00:00+00:00,40766.51915767806
2023-05-28 00:00:00+00:00,41503.399288596665
2023-05-29 00:00:00+00:00,41256.50142052246
2023-05-30 00:00:00+00:00,41225.09990207639
2023-05-31 00:00:00+00:00,40890.052585029436
2023-06-01 00:00:00+00:00,40890.052585029436
2023-06-02 00:00:00+00:00,40890.052585029436
2023-06-03 00:00:00+00:00,40890.052585029436
2023-06-04 00:00:00+00:00,40890.052585029436
2023-06-05 00:00:00+00:00,40890.052585029436
2023-06-06 00:00:00+00:00,40890.052585029436
2023-06-07 00:00:00+00:00,40890.052585029436
2023-06-08 00:00:00+00:00,40890.052585029436
2023-06-09 00:00:00+00:00,40778.57773293561
2023-06-10 00:00:00+00:00,40768.383088502385
2023-06-11 00:00:00+00:00,40768.383088502385
2023-06-12 00:00:00+00:00,40768.383088502385
2023-06-13 00:00:00+00:00,40768.383088502385
2023-06-14 00:00:00+00:00,40768.383088502385
2023-06-15 00:00:00+00:00,40768.383088502385
2023-06-16 00:00:00+00:00,40782.58921540319
2023-06-17 00:00:00+00:00,40916.38483724855
2023-06-18 00:00:00+00:00,40778.01017503398
2023-06-19 00:00:00+00:00,40767.815672490215
2023-06-20 00:00:00+00:00,41448.28478633041
2023-06-21 00:00:00+00:00,43924.88371587972
2023-06-22 00:00:00+00:00,43645.221720346024
2023-06-23 00:00:00+00:00,43826.93057882294
2023-06-24 00:00:00+00:00,43614.17906348073
2023-06-25 00:00:00+00:00,43519.661812845035
2023-06-26 00:00:00+00:00,43158.891701226414
2023-06-27 00:00:00+00:00,43460.61785346633
2023-06-28 00:00:00+00:00,43023.57881438348
2023-06-29 00:00:00+00:00,43290.8820079565
2023-06-30 00:00:00+00:00,43305.24754078299
2023-07-01 00:00:00+00:00,43385.857895789275
2023-07-02 00:00:00+00:00,43413.600462494185
2023-07-03 00:00:00+00:00,43839.654950468495
2023-07-04 00:00:00+00:00,43226.61998817908
2023-07-05 00:00:00+00:00,43038.42790195992
2023-07-06 00:00:00+00:00,41808.8173195681
2023-07-07 00:00:00+00:00,42126.292740086625
2023-07-08 00:00:00+00:00,42085.455294041894
2023-07-09 00:00:00+00:00,42001.05988104852
2023-07-10 00:00:00+00:00,42174.50899203276
2023-07-11 00:00:00+00:00,42321.16326387511
2023-07-12 00:00:00+00:00,42155.726613496125
2023-07-13 00:00:00+00:00,43020.641466740475
2023-07-14 00:00:00+00:00,41700.230817565745
2023-07-15 00:00:00+00:00,41688.59903493816
2023-07-16 00:00:00+00:00,41647.49740987503
2023-07-17 00:00:00+00:00,41585.06137787098
2023-07-18 00:00:00+00:00,41391.32627410086
2023-07-19 00:00:00+00:00,41425.858788915095
2023-07-20 00:00:00+00:00,40679.680904793226
2023-07-21 00:00:00+00:00,40679.680904793226
2023-07-22 00:00:00+00:00,40679.680904793226
2023-07-23 00:00:00+00:00,40679.680904793226
2023-07-24 00:00:00+00:00,40679.680904793226
2023-07-25 00:00:00+00:00,40679.680904793226
2023-07-26 00:00:00+00:00,40679.680904793226
2023-07-27 00:00:00+00:00,40679.680904793226
2023-07-28 00:00:00+00:00,40679.680904793226
2023-07-29 00:00:00+00:00,40679.680904793226
2023-07-30 00:00:00+00:00,40679.680904793226
2023-07-31 00:00:00+00:00,40679.680904793226
2023-08-01 00:00:00+00:00,40679.680904793226
2023-08-02 00:00:00+00:00,40189.54967523434
2023-08-03 00:00:00+00:00,40189.54967523434
2023-08-04 00:00:00+00:00,40189.54967523434
2023-08-05 00:00:00+00:00,40189.54967523434
2023-08-06 00:00:00+00:00,40189.54967523434
2023-08-07 00:00:00+00:00,40189.54967523434
2023-08-08 00:00:00+00:00,40405.41052858627
2023-08-09 00:00:00+00:00,40223.023790498235
2023-08-10 00:00:00+00:00,40223.023790498235
2023-08-11 00:00:00+00:00,40223.023790498235
2023-08-12 00:00:00+00:00,40223.023790498235
2023-08-13 00:00:00+00:00,40223.023790498235
2023-08-14 00:00:00+00:00,40223.023790498235
2023-08-15 00:00:00+00:00,40223.023790498235
2023-08-16 00:00:00+00:00,40223.023790498235
2023-08-17 00:00:00+00:00,40223.023790498235
2023-08-18 00:00:00+00:00,40223.023790498235
2023-08-19 00:00:00+00:00,40223.023790498235
2023-08-20 00:00:00+00:00,40223.023790498235
2023-08-21 00:00:00+00:00,40223.023790498235
2023-08-22 00:00:00+00:00,40223.023790498235
2023-08-23 00:00:00+00:00,40223.023790498235
2023-08-24 00:00:00+00:00,40223.023790498235
2023-08-25 00:00:00+00:00,40223.023790498235
2023-08-26 00:00:00+00:00,40223.023790498235
2023-08-27 00:00:00+00:00,40223.023790498235
2023-08-28 00:00:00+00:00,40223.023790498235
2023-08-29 00:00:00+00:00,40005.907350824025
2023-08-30 00:00:00+00:00,39560.17387942851
2023-08-31 00:00:00+00:00,39560.17387942851
2023-09-01 00:00:00+00:00,39560.17387942851
2023-09-02 00:00:00+00:00,39560.17387942851
2023-09-03 00:00:00+00:00,39560.17387942851
2023-09-04 00:00:00+00:00,39560.17387942851
2023-09-05 00:00:00+00:00,39560.17387942851
2023-09-06 00:00:00+00:00,39560.17387942851
2023-09-07 00:00:00+00:00,39619.15926568791
2023-09-08 00:00:00+00:00,39306.606556495855
2023-09-09 00:00:00+00:00,39306.606556495855
2023-09-10 00:00:00+00:00,39306.606556495855
2023-09-11 00:00:00+00:00,39306.606556495855
2023-09-12 00:00:00+00:00,39053.914236462675
2023-09-13 00:00:00+00:00,39344.41183886352
2023-09-14 00:00:00+00:00,39569.807795382956
2023-09-15 00:00:00+00:00,39429.789213972756
2023-09-16 00:00:00+00:00,39397.16736075526
2023-09-17 00:00:00+00:00,39372.97729048983
2023-09-18 00:00:00+00:00,39458.57492039232
2023-09-19 00:00:00+00:00,40116.763281261345
2023-09-20 00:00:00+00:00,39835.422210474
2023-09-21 00:00:00+00:00,39427.62837095456
2023-09-22 00:00:00+00:00,39438.02301787518
2023-09-23 00:00:00+00:00,39435.573695651976
2023-09-24 00:00:00+00:00,39190.24165905648
2023-09-25 00:00:00+00:00,39233.79189655344
2023-09-26 00:00:00+00:00,39183.18895299091
2023-09-27 00:00:00+00:00,39183.18895299091
2023-09-28 00:00:00+00:00,39107.79059263995
2023-09-29 00:00:00+00:00,38933.181826719345
2023-09-30 00:00:00+00:00,39019.906231605906
2023-10-01 00:00:00+00:00,40512.249646012366
2023-10-02 00:00:00+00:00,39757.48337088094
2023-10-03 00:00:00+00:00,39709.95219018462
2023-10-04 00:00:00+00:00,39961.57816431985
2023-10-05 00:00:00+00:00,39278.86163174276
2023-10-06 00:00:00+00:00,39672.37601082937
2023-10-07 00:00:00+00:00,39691.2768802643
2023-10-08 00:00:00+00:00,39661.59017237885
2023-10-09 00:00:00+00:00,39431.87495697733
2023-10-10 00:00:00+00:00,39291.03777079477
2023-10-11 00:00:00+00:00,38920.17171914849
2023-10-12 00:00:00+00:00,38791.702248078924
2023-10-13 00:00:00+00:00,38858.55162389208
2023-10-14 00:00:00+00:00,38848.92726639256
2023-10-15 00:00:00+00:00,39020.12034186467
2023-10-16 00:00:00+00:00,40956.04365438544
2023-10-17 00:00:00+00:00,40806.2303680738
2023-10-18 00:00:00+00:00,40597.332623339076
2023-10-19 00:00:00+00:00,40876.92539207721
2023-10-20 00:00:00+00:00,41847.821055063374
2023-10-21 00:00:00+00:00,42189.97796781302
2023-10-22 00:00:00+00:00,42311.628639498675
2023-10-23 00:00:00+00:00,46675.50310340251
2023-10-24 00:00:00+00:00,47865.81544381874
2023-10-25 00:00:00+00:00,48671.15202847549
2023-10-26 00:00:00+00:00,47922.62632280198
2023-10-27 00:00:00+00:00,47739.65686998276
2023-10-28 00:00:00+00:00,47875.7917215523
2023-10-29 00:00:00+00:00,48185.91098068636
2023-10-30 00:00:00+00:00,48154.57988509908
2023-10-31 00:00:00+00:00,48271.39091462405
2023-11-01 00:00:00+00:00,48768.06164172629
2023-11-02 00:00:00+00:00,48083.69397209214
2023-11-03 00:00:00+00:00,47554.61339185476
2023-11-04 00:00:00+00:00,47807.45640054608
2023-11-05 00:00:00+00:00,47319.98950217361
2023-11-06 00:00:00+00:00,47341.53819762577
2023-11-07 00:00:00+00:00,47411.198444692825
2023-11-08 00:00:00+00:00,47706.39481325454
2023-11-09 00:00:00+00:00,49169.859569960325
2023-11-10 00:00:00+00:00,50004.597823143056
2023-11-11 00:00:00+00:00,49599.958344449355
2023-11-12 00:00:00+00:00,49548.9732302343
2023-11-13 00:00:00+00:00,49149.14823860693
2023-11-14 00:00:00+00:00,48524.38490144072
2023-11-15 00:00:00+00:00,50111.26439307949
2023-11-16 00:00:00+00:00,48980.81110205614
2023-11-17 00:00:00+00:00,49282.60739625287
2023-11-18 00:00:00+00:00,49254.885490744266
2023-11-19 00:00:00+00:00,49790.174979822295
2023-11-20 00:00:00+00:00,49893.72972008563
2023-11-21 00:00:00+00:00,48188.7793450535
2023-11-22 00:00:00+00:00,49319.099540039126
2023-11-23 00:00:00+00:00,49240.53365727378
2023-11-24 00:00:00+00:00,49171.17510695712
2023-11-25 00:00:00+00:00,49249.35365155911
2023-11-26 00:00:00+00:00,48921.77424890876
2023-11-27 00:00:00+00:00,48788.8126931509
2023-11-28 00:00:00+00:00,49119.24051021197
2023-11-29 00:00:00+00:00,49151.84616069832
2023-11-30 00:00:00+00:00,48995.50681883074
2023-12-01 00:00:00+00:00,50220.82179476927
2023-12-02 00:00:00+00:00,51227.71176199919
2023-12-03 00:00:00+00:00,51935.3653045615
2023-12-04 00:00:00+00:00,54550.46140057176
2023-12-05 00:00:00+00:00,57263.35424727322
2023-12-06 00:00:00+00:00,56864.94158749619
2023-12-07 00:00:00+00:00,56427.36769322951
2023-12-08 00:00:00+00:00,56891.781014945846
2023-12-09 00:00:00+00:00,56280.13389363931
2023-12-10 00:00:00+00:00,56314.836040844406
2023-12-11 00:00:00+00:00,54683.04598873389
2023-12-12 00:00:00+00:00,54844.55862512262
2023-12-13 00:00:00+00:00,55649.11935731493
2023-12-14 00:00:00+00:00,55853.154993029886
2023-12-15 00:00:00+00:00,54680.631450667715
2023-12-16 00:00:00+00:00,54888.77135985275
2023-12-17 00:00:00+00:00,54310.58019418663
2023-12-18 00:00:00+00:00,55147.488460772845
2023-12-19 00:00:00+00:00,53947.125635343866
2023-12-20 00:00:00+00:00,54767.352860925486
2023-12-21 00:00:00+00:00,55002.41916993492
2023-12-22 00:00:00+00:00,55131.03753511294
2023-12-23 00:00:00+00:00,54787.65289467084
2023-12-24 00:00:00+00:00,53866.58498422222
2023-12-25 00:00:00+00:00,54244.38990833441
2023-12-26 00:00:00+00:00,53576.720814442146
2023-12-27 00:00:00+00:00,54152.805544541305
2023-12-28 00:00:00+00:00,53620.7336523132
2023-12-29 00:00:00+00:00,53302.8488794405
2023-12-30 00:00:00+00:00,53352.866039963985
2023-12-31 00:00:00+00:00,53441.23022604155
2024-01-01 00:00:00+00:00,55307.69875854565
2024-01-02 00:00:00+00:00,56245.40240619533
2024-01-03 00:00:00+00:00,54207.2302444778
2024-01-04 00:00:00+00:00,54313.13359665239
2024-01-05 00:00:00+00:00,53964.385506273575
2024-01-06 00:00:00+00:00,53964.385506273575
2024-01-07 00:00:00+00:00,53938.495650310986
2024-01-08 00:00:00+00:00,57211.139841375356
2024-01-09 00:00:00+00:00,56165.45121679097
2024-01-10 00:00:00+00:00,56831.88887051388
2024-01-11 00:00:00+00:00,56436.465602616874
2024-01-12 00:00:00+00:00,53728.38482758516
2024-01-13 00:00:00+00:00,53764.36068031169
2024-01-14 00:00:00+00:00,53067.11898998605
2024-01-15 00:00:00+00:00,53562.38051998595
2024-01-16 00:00:00+00:00,53770.25745835373
2024-01-17 00:00:00+00:00,53475.28277064406
2024-01-18 00:00:00+00:00,53475.28277064406
2024-01-19 00:00:00+00:00,53475.28277064406
2024-01-20 00:00:00+00:00,53475.28277064406
2024-01-21 00:00:00+00:00,53475.28277064406
2024-01-22 00:00:00+00:00,53475.28277064406
2024-01-23 00:00:00+00:00,53475.28277064406
2024-01-24 00:00:00+00:00,53475.28277064406
2024-01-25 00:00:00+00:00,53475.28277064406
2024-01-26 00:00:00+00:00,53606.39453180716
2024-01-27 00:00:00+00:00,53795.97650400719
2024-01-28 00:00:00+00:00,53598.308954533975
2024-01-29 00:00:00+00:00,53650.163880785294
2024-01-30 00:00:00+00:00,53421.61757380008
2024-01-31 00:00:00+00:00,52929.078998872064
2024-02-01 00:00:00+00:00,52566.25355430771
2024-02-02 00:00:00+00:00,52566.25355430771
2024-02-03 00:00:00+00:00,52566.25355430771
2024-02-04 00:00:00+00:00,52566.25355430771
2024-02-05 00:00:00+00:00,52112.524718531124
2024-02-06 00:00:00+00:00,52112.524718531124
2024-02-07 00:00:00+00:00,52225.00883597992
2024-02-08 00:00:00+00:00,52780.11164121559
2024-02-09 00:00:00+00:00,54375.647659375936
2024-02-10 00:00:00+00:00,55087.1935985071
2024-02-11 00:00:00+00:00,55745.831604599975
2024-02-12 00:00:00+00:00,57639.40292421289
2024-02-13 00:00:00+00:00,56771.886083305355
2024-02-14 00:00:00+00:00,58542.98183478946
2024-02-15 00:00:00+00:00,58303.390337846264
2024-02-16 00:00:00+00:00,58443.9857882542
2024-02-17 00:00:00+00:00,58181.34717158804
2024-02-18 00:00:00+00:00,58385.22131104398
2024-02-19 00:00:00+00:00,57979.806642035255
2024-02-20 00:00:00+00:00,57817.7676725904
2024-02-21 00:00:00+00:00,57242.461511143665
2024-02-22 00:00:00+00:00,56933.065449773785
2024-02-23 00:00:00+00:00,56630.68752435169
2024-02-24 00:00:00+00:00,57093.74344850667
2024-02-25 00:00:00+00:00,57183.806207916576
2024-02-26 00:00:00+00:00,59260.3941164479
2024-02-27 00:00:00+00:00,62047.72791749219
2024-02-28 00:00:00+00:00,67932.6501725333
2024-02-29 00:00:00+00:00,66536.33692290974
2024-03-01 00:00:00+00:00,67869.09329565044
2024-03-02 00:00:00+00:00,67444.250597722
2024-03-03 00:00:00+00:00,68681.75987971373
2024-03-04 00:00:00+00:00,74244.52221930714
2024-03-05 00:00:00+00:00,68076.8322751738
2024-03-06 00:00:00+00:00,69348.02291191877
2024-03-07 00:00:00+00:00,69736.87877544109
2024-03-08 00:00:00+00:00,70239.83000763993
2024-03-09 00:00:00+00:00,70425.21546854953
2024-03-10 00:00:00+00:00,70792.31194905589
2024-03-11 00:00:00+00:00,72853.410090683
2024-03-12 00:00:00+00:00,71708.52373238206
2024-03-13 00:00:00+00:00,72318.22238920984
2024-03-14 00:00:00+00:00,70892.04514999963
2024-03-15 00:00:00+00:00,69947.90100244414
2024-03-16 00:00:00+00:00,67835.39746904207
2024-03-17 00:00:00+00:00,69442.71517370398
2024-03-18 00:00:00+00:00,69043.03855086652
2024-03-19 00:00:00+00:00,66141.97440745067
2024-03-20 00:00:00+00:00,69290.7739097923
2024-03-21 00:00:00+00:00,68099.05175288985
2024-03-22 00:00:00+00:00,67208.53493072215
2024-03-23 00:00:00+00:00,67310.78046273561
2024-03-24 00:00:00+00:00,69532.512753459
2024-03-25 00:00:00+00:00,72281.06152608519
2024-03-26 00:00:00+00:00,72410.38995313924
2024-03-27 00:00:00+00:00,71882.6910434954
2024-03-28 00:00:00+00:00,73232.67742063619
2024-03-29 00:00:00+00:00,72420.10407210604
2024-03-30 00:00:00+00:00,72284.54402388663
2024-03-31 00:00:00+00:00,73356.57686126226
2024-04-01 00:00:00+00:00,71378.77205677715
2024-04-02 00:00:00+00:00,69299.57911644792
2024-04-03 00:00:00+00:00,69577.6784291792
2024-04-04 00:00:00+00:00,69365.78458569894
2024-04-05 00:00:00+00:00,67852.64837023713
2024-04-06 00:00:00+00:00,67835.68520814457
2024-04-07 00:00:00+00:00,67770.37322947568
2024-04-08 00:00:00+00:00,70266.09317734445
2024-04-09 00:00:00+00:00,69827.64955121544
2024-04-10 00:00:00+00:00,69827.64955121544
2024-04-11 00:00:00+00:00,69827.64955121544
2024-04-12 00:00:00+00:00,68420.93665745904
2024-04-13 00:00:00+00:00,68403.83142329467
2024-04-14 00:00:00+00:00,68403.83142329467
2024-04-15 00:00:00+00:00,68403.83142329467
2024-04-16 00:00:00+00:00,68403.83142329467
2024-04-17 00:00:00+00:00,66477.25470815672
2024-04-18 00:00:00+00:00,66477.25470815672
2024-04-19 00:00:00+00:00,66135.62313902372
2024-04-20 00:00:00+00:00,66031.75940595058
2024-04-21 00:00:00+00:00,65939.85677854271
2024-04-22 00:00:00+00:00,66139.49154642278
2024-04-23 00:00:00+00:00,65945.81153135335
2024-04-24 00:00:00+00:00,65346.61248389823
2024-04-25 00:00:00+00:00,65346.61248389823
2024-04-26 00:00:00+00:00,65346.61248389823
2024-04-27 00:00:00+00:00,65346.61248389823
2024-04-28 00:00:00+00:00,65346.61248389823
2024-04-29 00:00:00+00:00,65346.61248389823
2024-04-30 00:00:00+00:00,63968.55786452171
2024-05-01 00:00:00+00:00,63968.55786452171
2024-05-02 00:00:00+00:00,63968.55786452171
2024-05-03 00:00:00+00:00,63939.19476540783
2024-05-04 00:00:00+00:00,64452.7634741892
2024-05-05 00:00:00+00:00,64516.45898452536
2024-05-06 00:00:00+00:00,64119.19699600256
2024-05-07 00:00:00+00:00,64119.19699600256
2024-05-08 00:00:00+00:00,64119.19699600256
2024-05-09 00:00:00+00:00,64119.19699600256
2024-05-10 00:00:00+00:00,64119.19699600256
2024-05-11 00:00:00+00:00,64119.19699600256
2024-05-12 00:00:00+00:00,64119.19699600256
2024-05-13 00:00:00+00:00,64186.301214528896
2024-05-14 00:00:00+00:00,63689.82382075123
2024-05-15 00:00:00+00:00,64964.87246469037
2024-05-16 00:00:00+00:00,63968.05876776554
2024-05-17 00:00:00+00:00,64726.20005157803
2024-05-18 00:00:00+00:00,64633.865672486405
2024-05-19 00:00:00+00:00,63879.6380282053
2024-05-20 00:00:00+00:00,67930.55932895075
2024-05-21 00:00:00+00:00,66275.61064374464
2024-05-22 00:00:00+00:00,65827.20012438708
2024-05-23 00:00:00+00:00,65247.470824578064
2024-05-24 00:00:00+00:00,65527.79578769701
2024-05-25 00:00:00+00:00,65876.76945246974
2024-05-26 00:00:00+00:00,65501.17035230123
2024-05-27 00:00:00+00:00,65949.23927081961
2024-05-28 00:00:00+00:00,65464.50423348481
2024-05-29 00:00:00+00:00,65104.03930602685
2024-05-30 00:00:00+00:00,64979.751926741264
2024-05-31 00:00:00+00:00,64372.685274828196
2024-06-01 00:00:00+00:00,64478.08720441015
2024-06-02 00:00:00+00:00,64481.32028145173
2024-06-03 00:00:00+00:00,64845.733336282436
2024-06-04 00:00:00+00:00,66473.77179647562
2024-06-05 00:00:00+00:00,66994.74060228786
2024-06-06 00:00:00+00:00,66549.46589108439
2024-06-07 00:00:00+00:00,65866.91662962937
2024-06-08 00:00:00+00:00,65852.48558463063
2024-06-09 00:00:00+00:00,66004.70861906194
2024-06-10 00:00:00+00:00,65953.31060081832
2024-06-11 00:00:00+00:00,64892.31181776612
2024-06-12 00:00:00+00:00,65349.98514625815
2024-06-13 00:00:00+00:00,64640.012050050864
2024-06-14 00:00:00+00:00,64008.604147575694
2024-06-15 00:00:00+00:00,64008.604147575694
2024-06-16 00:00:00+00:00,64008.604147575694
2024-06-17 00:00:00+00:00,63733.8421029629
2024-06-18 00:00:00+00:00,63733.8421029629
2024-06-19 00:00:00+00:00,63733.8421029629
2024-06-20 00:00:00+00:00,63733.8421029629
2024-06-21 00:00:00+00:00,63733.8421029629
2024-06-22 00:00:00+00:00,63733.8421029629
2024-06-23 00:00:00+00:00,63733.8421029629
2024-06-24 00:00:00+00:00,63733.8421029629
2024-06-25 00:00:00+00:00,63733.8421029629
2024-06-26 00:00:00+00:00,63733.8421029629
2024-06-27 00:00:00+00:00,63733.8421029629
2024-06-28 00:00:00+00:00,63733.8421029629
2024-06-29 00:00:00+00:00,63733.8421029629
2024-06-30 00:00:00+00:00,64081.49391033189
2024-07-01 00:00:00+00:00,64141.27218248409
2024-07-02 00:00:00+00:00,63690.24234540971
2024-07-03 00:00:00+00:00,63690.24234540971
2024-07-04 00:00:00+00:00,63690.24234540971
2024-07-05 00:00:00+00:00,63690.24234540971
2024-07-06 00:00:00+00:00,63690.24234540971
2024-07-07 00:00:00+00:00,63690.24234540971
2024-07-08 00:00:00+00:00,63690.24234540971
2024-07-09 00:00:00+00:00,63690.24234540971
2024-07-10 00:00:00+00:00,62806.53092170897
2024-07-11 00:00:00+00:00,62742.63879423367
2024-07-12 00:00:00+00:00,62742.63879423367
2024-07-13 00:00:00+00:00,62581.59281826667
2024-07-14 00:00:00+00:00,63423.538439905846
2024-07-15 00:00:00+00:00,65465.79492069241
2024-07-16 00:00:00+00:00,65558.61990874328
2024-07-17 00:00:00+00:00,65089.91552472925
2024-07-18 00:00:00+00:00,64791.34905086929
2024-07-19 00:00:00+00:00,65627.44540625767
2024-07-20 00:00:00+00:00,66087.92383274045
2024-07-21 00:00:00+00:00,67114.51959082861
2024-07-22 00:00:00+00:00,66485.11806784301
2024-07-23 00:00:00+00:00,65147.86379518914
2024-07-24 00:00:00+00:00,64868.4101208239
2024-07-25 00:00:00+00:00,65078.10368991807
2024-07-26 00:00:00+00:00,66114.55187572193
2024-07-27 00:00:00+00:00,66106.32157431816
2024-07-28 00:00:00+00:00,66439.51726019433
2024-07-29 00:00:00+00:00,65079.3827903348
2024-07-30 00:00:00+00:00,64790.98593262317
2024-07-31 00:00:00+00:00,64029.54961978961
2024-08-01 00:00:00+00:00,64389.929635214954
2024-08-02 00:00:00+00:00,62494.96511536427
2024-08-03 00:00:00+00:00,62088.79138080181
2024-08-04 00:00:00+00:00,60790.19315246134
2024-08-05 00:00:00+00:00,57901.92837521821
2024-08-06 00:00:00+00:00,57901.92837521821
2024-08-07 00:00:00+00:00,57901.92837521821
2024-08-08 00:00:00+00:00,60013.69734591502
2024-08-09 00:00:00+00:00,59184.78182582233
2024-08-10 00:00:00+00:00,59263.9587686803
2024-08-11 00:00:00+00:00,57796.005798760096
2024-08-12 00:00:00+00:00,57781.556797310404
2024-08-13 00:00:00+00:00,57781.556797310404
2024-08-14 00:00:00+00:00,57781.556797310404
2024-08-15 00:00:00+00:00,57781.556797310404
2024-08-16 00:00:00+00:00,57781.556797310404
2024-08-17 00:00:00+00:00,57781.556797310404
2024-08-18 00:00:00+00:00,56943.637634182596
2024-08-19 00:00:00+00:00,56929.40172477404
2024-08-20 00:00:00+00:00,56115.08700067247
2024-08-21 00:00:00+00:00,56115.08700067247
2024-08-22 00:00:00+00:00,56115.08700067247
2024-08-23 00:00:00+00:00,56570.30494497378
2024-08-24 00:00:00+00:00,56363.802383232476
2024-08-25 00:00:00+00:00,56363.802383232476
2024-08-26 00:00:00+00:00,56363.802383232476
2024-08-27 00:00:00+00:00,56363.802383232476
2024-08-28 00:00:00+00:00,56363.802383232476
2024-08-29 00:00:00+00:00,56363.802383232476
2024-08-30 00:00:00+00:00,56363.802383232476
2024-08-31 00:00:00+00:00,56363.802383232476
2024-09-01 00:00:00+00:00,56363.802383232476
2024-09-02 00:00:00+00:00,57127.75908008624
2024-09-03 00:00:00+00:00,56325.47701393523
2024-09-04 00:00:00+00:00,55896.70416260537
2024-09-05 00:00:00+00:00,55266.33441487852
2024-09-06 00:00:00+00:00,55266.33441487852
2024-09-07 00:00:00+00:00,55266.33441487852
2024-09-08 00:00:00+00:00,55266.33441487852
2024-09-09 00:00:00+00:00,55052.96557129996
2024-09-10 00:00:00+00:00,55345.18940089536
2024-09-11 00:00:00+00:00,54661.455062097884
2024-09-12 00:00:00+00:00,54370.84429688619
2024-09-13 00:00:00+00:00,55030.24129900604
2024-09-14 00:00:00+00:00,54582.07941026312
2024-09-15 00:00:00+00:00,54274.8068712373
2024-09-16 00:00:00+00:00,53801.54877797858
2024-09-17 00:00:00+00:00,53559.726118082035
2024-09-18 00:00:00+00:00,54078.69584747529
2024-09-19 00:00:00+00:00,54952.815413508746
2024-09-20 00:00:00+00:00,55170.21988331764
2024-09-21 00:00:00+00:00,55219.7405999593
2024-09-22 00:00:00+00:00,54781.30013215388
2024-09-23 00:00:00+00:00,54590.28135110155
2024-09-24 00:00:00+00:00,54865.13631754308
2024-09-25 00:00:00+00:00,54385.04831800869
2024-09-26 00:00:00+00:00,55255.68858393086
2024-09-27 00:00:00+00:00,55311.39906580985
2024-09-28 00:00:00+00:00,55372.89472559211
2024-09-29 00:00:00+00:00,55158.83979431936
2024-09-30 00:00:00+00:00,53845.62921448172
2024-10-01 00:00:00+00:00,52768.74260821181
2024-10-02 00:00:00+00:00,52701.80209938729
2024-10-03 00:00:00+00:00,52747.312564386935
2024-10-04 00:00:00+00:00,53323.62621706523
2024-10-05 00:00:00+00:00,53310.1781546643
2024-10-06 00:00:00+00:00,53639.503735050086
2024-10-07 00:00:00+00:00,52842.42911412245
2024-10-08 00:00:00+00:00,52817.321045750934
2024-10-09 00:00:00+00:00,52169.044746209605
2024-10-10 00:00:00+00:00,52034.203391017494
2024-10-11 00:00:00+00:00,52823.94573076597
2024-10-12 00:00:00+00:00,53387.38955863802
2024-10-13 00:00:00+00:00,52958.62316852615
2024-10-14 00:00:00+00:00,55039.57103261591
2024-10-15 00:00:00+00:00,55854.12054219709
2024-10-16 00:00:00+00:00,56309.86650722912
2024-10-17 00:00:00+00:00,56150.87307490521
2024-10-18 00:00:00+00:00,56989.160354209846
2024-10-19 00:00:00+00:00,56813.7409033294
2024-10-20 00:00:00+00:00,57028.85303625861
2024-10-21 00:00:00+00:00,55634.54614727514
2024-10-22 00:00:00+00:00,55650.40171981121
2024-10-23 00:00:00+00:00,55336.882008970606
2024-10-24 00:00:00+00:00,55913.836280923904
2024-10-25 00:00:00+00:00,54720.2484831097
2024-10-26 00:00:00+00:00,54888.07152213308
2024-10-27 00:00:00+00:00,55264.79754858104
2024-10-28 00:00:00+00:00,56517.2104410317
2024-10-29 00:00:00+00:00,58775.31418452213
2024-10-30 00:00:00+00:00,58460.30820553599
2024-10-31 00:00:00+00:00,57211.958673819536
2024-11-01 00:00:00+00:00,56875.790173489724
2024-11-02 00:00:00+00:00,56823.166136087224
2024-11-03 00:00:00+00:00,56575.900749056476
2024-11-04 00:00:00+00:00,56194.01187339981
2024-11-05 00:00:00+00:00,56823.14067165376
2024-11-06 00:00:00+00:00,61166.00484595135
2024-11-07 00:00:00+00:00,61391.83789887882
2024-11-08 00:00:00+00:00,61896.062721903705
2024-11-09 00:00:00+00:00,61790.396454514295
2024-11-10 00:00:00+00:00,63722.50299807343
2024-11-11 00:00:00+00:00,70316.1787670463
2024-11-12 00:00:00+00:00,69716.3059798903
2024-11-13 00:00:00+00:00,71650.95028619007
2024-11-14 00:00:00+00:00,69476.5738929252
2024-11-15 00:00:00+00:00,70944.13805596999
2024-11-16 00:00:00+00:00,70776.15405378283
2024-11-17 00:00:00+00:00,70485.9226229589
2024-11-18 00:00:00+00:00,70055.25597779038
2024-11-19 00:00:00+00:00,71468.7122523673
2024-11-20 00:00:00+00:00,72979.80699301313
2024-11-21 00:00:00+00:00,76137.26691648587
2024-11-22 00:00:00+00:00,76566.3015291662
2024-11-23 00:00:00+00:00,75632.34432265976
2024-11-24 00:00:00+00:00,75723.20410309579
2024-11-25 00:00:00+00:00,73830.63890160702
2024-11-26 00:00:00+00:00,73417.11359875543
2024-11-27 00:00:00+00:00,74966.41308233088
2024-11-28 00:00:00+00:00,74884.02477741452
2024-11-29 00:00:00+00:00,75361.964510503
2024-11-30 00:00:00+00:00,74433.31082954723
2024-12-01 00:00:00+00:00,74737.94854852818
2024-12-02 00:00:00+00:00,73401.35990896783
2024-12-03 00:00:00+00:00,73409.66439373796
2024-12-04 00:00:00+00:00,74397.59043275422
2024-12-05 00:00:00+00:00,72974.77940900114
2024-12-06 00:00:00+00:00,74028.3065869839
2024-12-07 00:00:00+00:00,74064.13316198287
2024-12-08 00:00:00+00:00,74546.33241335776
2024-12-09 00:00:00+00:00,73127.8916124588
2024-12-10 00:00:00+00:00,72852.4765435879
2024-12-11 00:00:00+00:00,74543.52152973574
2024-12-12 00:00:00+00:00,73495.78236403779
2024-12-13 00:00:00+00:00,74006.52194375447
2024-12-14 00:00:00+00:00,74009.84357276338
2024-12-15 00:00:00+00:00,75666.69990425048
2024-12-16 00:00:00+00:00,76798.43079369275
2024-12-17 00:00:00+00:00,76835.80556234997
2024-12-18 00:00:00+00:00,74191.4062197801
2024-12-19 00:00:00+00:00,73174.23192200968
2024-12-20 00:00:00+00:00,73155.93836402918
2024-12-21 00:00:00+00:00,72844.48706775851
2024-12-22 00:00:00+00:00,72844.48706775851
2024-12-23 00:00:00+00:00,72844.48706775851
2024-12-24 00:00:00+00:00,74429.80923888768
2024-12-25 00:00:00+00:00,74998.14952496561
2024-12-26 00:00:00+00:00,72277.61607156653
2024-12-27 00:00:00+00:00,72004.3461453145
2024-12-28 00:00:00+00:00,72004.3461453145
2024-12-29 00:00:00+00:00,72004.3461453145
2024-12-30 00:00:00+00:00,72004.3461453145
2024-12-31 00:00:00+00:00,72004.3461453145
2025-01-01 00:00:00+00:00,72004.3461453145
