lookback,n_long,n_short,rebalance,total_return,cagr,sharpe,sortino,max_drawdown,calmar
14,2,2,3,-0.43794643058079397,-0.28374398034482207,-0.7618517747963319,-0.9407518604601788,-0.6489605114332063,-0.43722842198546646
14,2,2,6,-0.26742102146650615,-0.1649315082055952,-0.34122807168231395,-0.4346044560007967,-0.5583319464748343,-0.29540044994188625
14,2,2,12,0.5815870482601118,0.304118580024183,0.9473724010459305,1.244617636389541,-0.365869437694753,0.8312216017286225
14,2,3,3,-0.3520037900729437,-0.222213251644381,-0.6628036625957883,-0.8648058084431715,-0.5350546283957021,-0.41530946533564456
14,2,3,6,-0.056484943343259375,-0.03311632842657142,0.03982945641606974,0.054602994120999455,-0.4365245484772071,-0.07586361074559492
14,2,3,12,0.7289764339747715,0.37318878893234686,1.2098485880685226,1.70978501497523,-0.28269173315025975,1.3201262901238962
14,2,5,3,-0.3140146003736425,-0.19611923964678446,-0.694914488669929,-0.9348336602920272,-0.4771248403444196,-0.4110438674817536
14,2,5,6,-0.14776847763256662,-0.08845495311099516,-0.22426630275467982,-0.31526805519908657,-0.3629778954376339,-0.24369239621147482
14,2,5,12,0.16187390087901532,0.09078928386797869,0.4613868028177983,0.6647729224042412,-0.2675213991272314,0.33937204337362153
14,3,2,3,-0.37082396514599125,-0.23537858409765489,-0.6217114987646256,-0.750842987971438,-0.6215075152429319,-0.37872202398976823
14,3,2,6,-0.14598377935092544,-0.08734977675872402,-0.11476713015949887,-0.1432177368797126,-0.5198708112115065,-0.168022083323286
14,3,2,12,0.823054846867608,0.41598383833420916,1.2476510586322116,1.589878097411197,-0.36173896293985264,1.1499558547785629
14,3,3,3,-0.27423432215210286,-0.16943879687262065,-0.5006626284185628,-0.6361348756301538,-0.49836765287857177,-0.3399875491395601
14,3,3,6,0.09948497487734942,0.05647039113731567,0.3367759728534169,0.4530819425831714,-0.38512052501147975,0.14663043766787653
14,3,3,12,0.9923323774571531,0.49071251463796806,1.594376402718594,2.1830146208161754,-0.27429326280343924,1.7890068083429982
14,3,5,3,-0.23213749646912507,-0.1418665697380017,-0.5109475412608859,-0.6672245190660595,-0.436010243601354,-0.32537439617522135
14,3,5,6,-0.007550487296210884,-0.004380304040299654,0.09826434705958534,0.13556080952728697,-0.3237659608612604,-0.013529229659126191
14,3,5,12,0.33827490016656214,0.1838496663650384,0.8338738880358916,1.1657869608286127,-0.2650673577018018,0.6935960276627781
14,5,2,3,-0.3686475206966018,-0.23384769533612115,-0.6657692895878411,-0.7956541070944995,-0.6085175249623024,-0.3842908145506705
14,5,2,6,-0.17246102054111523,-0.10384712666046858,-0.19986873080051143,-0.24526530452564008,-0.526937716641735,-0.19707666272648736
14,5,2,12,0.5616892341321826,0.294590142065176,1.0080026900703503,1.2520980718330315,-0.36260089559240827,0.8124363332966456
14,5,3,3,-0.27196619613325457,-0.16793636562812453,-0.5506920665865807,-0.6857383756408245,-0.48127688433307625,-0.34893918884311337
14,5,3,6,0.06472838117912905,0.0369959338300605,0.2700728579729888,0.35462876908917323,-0.39772503674199444,0.09301887085891423
14,5,3,12,0.7063368183403851,0.36274519603350375,1.3525340160724326,1.7782396506070548,-0.2790676932931838,1.2998466133892816
14,5,5,3,-0.230142652223853,-0.14057600249544144,-0.5792421339489209,-0.7346647920536086,-0.41728989585962717,-0.33687851992162793
14,5,5,6,-0.03960901354488755,-0.023136872032733846,-0.005485103562517556,-0.007290369237285175,-0.3330554812899551,-0.06946852201057485
14,5,5,12,0.14545486838197985,0.08183429852593571,0.4772450831755468,0.6344934596384484,-0.28294395202899036,0.28922441331260895
21,2,2,3,-0.03789897899475381,-0.022129788775340664,0.10838862270832732,0.13861755529333608,-0.5315827984295503,-0.04162999412456249
21,2,2,6,-0.03237707840351689,-0.0188829311900508,0.1107697039510257,0.14374146077826502,-0.48236324127570007,-0.03914670433864601
21,2,2,12,0.14185327492106437,0.0798627724611718,0.3980533882412473,0.513737907560462,-0.4547487837064954,0.1756195405521237
21,2,3,3,-0.057991632678617844,-0.034010935939855824,0.03224439485722917,0.04476507187980665,-0.5016732896164002,-0.0677949905721749
21,2,3,6,-0.03425326558096187,-0.019985245842872312,0.07533646849561033,0.10410602957096174,-0.4548102242005787,-0.04394194496836662
21,2,3,12,0.18633186484569597,0.10403059252622548,0.4847460548252761,0.6806829972857151,-0.4007318002153626,0.25960154015807335
21,2,5,3,-0.04440941775447649,-0.025967993142288592,0.027590971701974252,0.04025565377788958,-0.46529339485318333,-0.05580993289294902
21,2,5,6,0.03332547959597365,0.01916926731027102,0.200742447152648,0.29454506034780037,-0.407011663339788,0.047097587211568
21,2,5,12,0.19627149986523373,0.10937893950003708,0.5359396606185765,0.807203807066971,-0.3308244347200828,0.33062533483231005
21,3,2,3,-0.047537865382974664,-0.027816270722145098,0.07657732405116223,0.09443294606831015,-0.4602592993378767,-0.06043608627171953
21,3,2,6,0.008467364620406537,0.00489569567054815,0.17494452748266553,0.2224212289962521,-0.4427039461900023,0.011058622162014762
21,3,2,12,0.3759483846086875,0.20303982222556582,0.749012598838878,0.9700212838721289,-0.4144590155733743,0.4898911945362675
21,3,3,3,-0.06766015685353888,-0.03976608357033984,-0.010711285160671258,-0.014302729270085865,-0.4136160716734699,-0.0961425009658069
21,3,3,6,0.00650833649406346,0.0037645595449964375,0.14929355297686914,0.20227606091344297,-0.40931565420505556,0.009197203933740829
21,3,3,12,0.42941997340672744,0.229901755465868,0.9023662334715016,1.276691153686703,-0.3473153826060683,0.6619394561243115
21,3,5,3,-0.054358829105819906,-0.031854954948135505,-0.023196095634996333,-0.032417217580314045,-0.38484057287893525,-0.08277441931299839
21,3,5,6,0.07679395093859753,0.04378628675038687,0.3021675467227608,0.43649660524076656,-0.3624112903016229,0.12081932302369774
21,3,5,12,0.4406762941601656,0.23550225817865944,1.0394439624775507,1.5921323857888625,-0.2820815566624081,0.8348729387526239
21,5,2,3,-0.06932031042109776,-0.04075680442857088,0.02048782723369813,0.024308374620357818,-0.39341239586822285,-0.10359817041002123
21,5,2,6,0.03735338689797141,0.021468433813837562,0.2225202460358149,0.27322954419777257,-0.37776453048114056,0.056830199983291835
21,5,2,12,0.20353595972200722,0.11327600130507953,0.5118981858906296,0.6296467968293441,-0.3858359304192892,0.29358593219139056
21,5,3,3,-0.08873724536159588,-0.05239988107062865,-0.08471860482868486,-0.10834096067083494,-0.3339503082500873,-0.15690921606033567
21,5,3,6,0.03616389972262035,0.020789855087650855,0.20786013908644368,0.2698747943973487,-0.3384672353372121,0.0614235379886567
21,5,3,12,0.2520356218922948,0.13904462948364205,0.6512745575255684,0.86474429266072,-0.3289336129482736,0.4227133500810921
21,5,5,3,-0.07571298106337121,-0.04457868821133937,-0.11520081269705601,-0.15465666158380634,-0.30524717793771783,-0.14604127878435336
21,5,5,6,0.10854978493559941,0.06150670887248877,0.39437336671489787,0.5467471052900252,-0.2942873834997448,0.20900219418527027
21,5,5,12,0.2616553775903214,0.14410550283644974,0.7682548127470621,1.1002220858611695,-0.25525423853223683,0.5645567480684566
30,2,2,3,-0.1958584633243453,-0.11861133765840148,-0.20056972485019833,-0.2504894973437084,-0.4720701801982672,-0.25125784816271446
30,2,2,6,0.47607841568097387,0.2529974449825263,0.8421936084334579,1.0771132216531867,-0.31699964049225393,0.7981001006488789
30,2,2,12,1.3522073711985474,0.6412059124846765,1.6999005990635505,2.3168553898550814,-0.2458730765052317,2.607873629754793
30,2,3,3,-0.06716296968350965,-0.03946952434986395,0.003313132704466744,0.004346314239518254,-0.35838592258877966,-0.11013134685859913
30,2,3,6,0.37183352989784124,0.20095464313423017,0.7827631787352503,1.065640563395532,-0.2250091215122123,0.8930955411215337
30,2,3,12,0.8154314736014756,0.41255121726600796,1.357970201843853,1.8860291960507503,-0.20400116185887696,2.022298370787716
30,2,5,3,0.026590473987080365,0.015316422060817736,0.1843691350258173,0.263385543351175,-0.2511513623700281,0.06098482570941278
30,2,5,6,0.32110552902498424,0.17502860390450037,0.7778214428306465,1.1322698335420847,-0.21865857750335804,0.8004653003004758
30,2,5,12,0.6256563206554033,0.3250441371996553,1.2491679534001603,1.7814600565274321,-0.21509461282476783,1.5111681921316207
30,3,2,3,-0.11821721805121321,-0.07027865965916469,-0.05566967571754279,-0.06846795346540438,-0.42168248451418555,-0.1666625061274047
30,3,2,6,0.3331659856988374,0.18122987561645076,0.6820345991953527,0.8574214369699187,-0.33399080118415236,0.5426193624911427
30,3,2,12,1.1356994747400142,0.5519350948535076,1.5861843848510702,2.146441196304636,-0.3245274002263633,1.7007349594164425
30,3,3,3,0.023405528896397687,0.013490730650982163,0.18596528011860636,0.2397223466836538,-0.3129640413899015,0.04310632809784987
30,3,3,6,0.23888513631992292,0.1320997177004375,0.5964814222075254,0.7987339134308638,-0.24721689054525076,0.5343474606815259
30,3,3,12,0.648870105279834,0.33597078723981566,1.2217830530212161,1.7090968968879958,-0.28297162863357106,1.1872949555479106
30,3,5,3,0.12653606286663477,0.07144868076365984,0.4169808908250591,0.5850303604860576,-0.2443287689264395,0.29242844007932206
30,3,5,6,0.19340450206229232,0.10783818254251432,0.5681458716259354,0.8242296102444059,-0.24318099621523404,0.44344823082749923
30,3,5,12,0.4765457410217129,0.25322720190176695,1.0971761684930201,1.6178048819564537,-0.2978401251385645,0.8502118436324111
30,5,2,3,-0.15970444030873132,-0.09587150113613507,-0.16124827317709123,-0.1951367776667318,-0.4015344453222237,-0.23876283156529704
30,5,2,6,0.2805327815537364,0.15398978997398838,0.6205901559934714,0.7579218286914051,-0.2864552925432051,0.537570064099139
30,5,2,12,0.9988967791909344,0.49355543045470696,1.529216916970828,2.026172058500899,-0.29142211680265373,1.6936100659406526
30,5,3,3,-0.024864360598709556,-0.014477973015309065,0.07149438749642205,0.0903157795393731,-0.26385362871975837,-0.05487122949779958
30,5,3,6,0.19107682898669842,0.10658611884278768,0.5280592403466314,0.6833409713286513,-0.2053444632883804,0.5190601058140093
30,5,3,12,0.5433317451731401,0.28575390917964105,1.1444031091333955,1.5520994537768695,-0.24766364824105946,1.1537983519547732
30,5,5,3,0.07392093685619971,0.04217230653837967,0.3038337208455251,0.4180364679564966,-0.16863177159030074,0.25008517754791415
30,5,5,6,0.14767747635635953,0.08304966121202417,0.4931784532741449,0.6915276797145874,-0.1807110354062652,0.459571608481553
30,5,5,12,0.38111354060353175,0.20565352506620016,1.0024852003221165,1.414360873698261,-0.26801594592539657,0.7673182442788115
42,2,2,3,-0.1873844992461834,-0.11324349400991163,-0.18273601680337023,-0.22798170006571006,-0.46630493939104356,-0.24285287253829746
42,2,2,6,0.3711355265965821,0.20060067301151085,0.7069003635278458,0.9025099873548671,-0.3031742809032002,0.6616678446928028
42,2,2,12,1.7575095716758469,0.7995034455007086,1.9523200120797928,2.8759547552272977,-0.2377972582132487,3.3621222191878277
42,2,3,3,-0.14572098741755113,-0.08718712468714729,-0.16306993867894654,-0.21206723996763455,-0.4456627427321599,-0.19563476218057144
42,2,3,6,0.6203591410645342,0.3225415925300965,1.1004167824151048,1.5215606230417513,-0.2517146170118313,1.2813780795055543
42,2,3,12,1.742414837802451,0.7937912936560318,2.1454722277064984,3.276086511552515,-0.19517497359064395,4.067075194388978
42,2,5,3,-0.14099968891171644,-0.08426850870546332,-0.23089276227139383,-0.31914275061356673,-0.3697161857899628,-0.227927561584595
42,2,5,6,0.3984162352081664,0.21437931667264087,0.905424075902131,1.3499283131218067,-0.25943126419266027,0.8263434144677232
42,2,5,12,1.3864866482964646,0.6550171327222118,2.109542235273666,3.4703907101372566,-0.17137586845791553,3.8221083202450017
42,3,2,3,-0.19805534814625703,-0.12000683678581736,-0.2252834531394932,-0.2778504743471376,-0.5046270679311634,-0.23781292049555217
42,3,2,6,0.21747326460575378,0.1207251453722189,0.514614282674957,0.648855365449581,-0.3450960199992992,0.3498305931562586
42,3,2,12,1.157300079236689,0.561007366133266,1.5997112348584615,2.2592768297282384,-0.2602052526774786,2.1560186059296353
42,3,3,3,-0.15718211225808465,-0.09430054838047996,-0.2128950689541804,-0.273775275885793,-0.46685076850801144,-0.20199291666981953
42,3,3,6,0.4382367101397415,0.23429002776747043,0.9074798980933075,1.241457501047488,-0.2950909792863323,0.7939586236559757
42,3,3,12,1.1446797659257624,0.5557114919410635,1.7726926140270083,2.578413881240508,-0.20859879427992378,2.664020632810278
42,3,5,3,-0.15217399001312437,-0.09118724850122095,-0.2992140310223055,-0.4095598009221292,-0.3951190573848228,-0.23078423274433438
42,3,5,6,0.24078769498094088,0.13310639179057082,0.6669956118825305,0.9926196465323036,-0.30790217516452156,0.4323009141440719
42,3,5,12,0.8662507449928927,0.43532097429839967,1.698511448912496,2.686112036786528,-0.1900063086963315,2.291086950139801
42,5,2,3,-0.1491543700697624,-0.08931384041515422,-0.13817881442000834,-0.16762960381903466,-0.43194587830345876,-0.2067709055725907
42,5,2,6,0.10158625838786284,0.05763939411162933,0.33656265115275896,0.4143943662736844,-0.3141168705450803,0.18349665209515464
42,5,2,12,0.5697236565842894,0.2984436883701733,1.0382257947687497,1.3854082837812942,-0.27351470907454767,1.0911431029796324
42,5,3,3,-0.10568579262087496,-0.06264843546131593,-0.1107371893326055,-0.14019005001184903,-0.4195672911732319,-0.14931677654407408
42,5,3,6,0.30132690959746666,0.1648069795485776,0.7225082405174534,0.9658630673829728,-0.24931279973876064,0.6610449993793682
42,5,3,12,0.5607927833079767,0.2941596610044164,1.1492904419885432,1.5599035344827339,-0.22763481907274197,1.2922437006898142
42,5,5,3,-0.10003443604026507,-0.059222126980012835,-0.18338627274120492,-0.2467521794052548,-0.3444279161624463,-0.17194345812573816
42,5,5,6,0.1224808393417891,0.06921300990724011,0.4279269865898743,0.6111641818046936,-0.2737240007098053,0.2528569278826881
42,5,5,12,0.3585237497160936,0.19419189496529055,0.9644031925486122,1.3972614365976916,-0.20721918314868737,0.9371328079502694
60,2,2,3,-0.11748376374850655,-0.06983081674829239,-0.05169014135584845,-0.06525827804225293,-0.39457204214305264,-0.17697862314070173
60,2,2,6,0.017448394345517038,0.010069519446993747,0.19287823139586577,0.25938597981140077,-0.3178120688799686,0.03168387998127537
60,2,2,12,0.3657705388334702,0.19787745498509213,0.7317455326555725,1.0068533461848714,-0.2677608040184086,0.7390082940275605
60,2,3,3,-0.1159759542772475,-0.06891064873629527,-0.11751347918266289,-0.1621801522782463,-0.3327208408682194,-0.20711251076571027
60,2,3,6,-0.05447563250220866,-0.031924220651792456,0.022575505426895424,0.031823740523022455,-0.2604002176167145,-0.12259675104719772
60,2,3,12,0.07429475775880756,0.04238241156200484,0.2882964353777288,0.40783741246157457,-0.3462141149534316,0.12241676387950155
60,2,5,3,-0.19840307747628372,-0.12022786783758199,-0.4134829659560931,-0.5959344449964812,-0.3381573983898495,-0.35553818550193483
60,2,5,6,0.04919369265657081,0.0282053323578757,0.23569356546043574,0.3512596557854966,-0.1988985402464536,0.14180763882392852
60,2,5,12,0.19461106161742614,0.10848679085837065,0.5482777241184339,0.8352502364753936,-0.26251964595193766,0.41325208429632165
60,3,2,3,-0.11969746379073132,-0.07118296672656943,-0.07768485195751283,-0.09735537867961068,-0.36841646815637297,-0.1932133139508739
60,3,2,6,-0.0007607211610894948,-0.0004406892570563148,0.15420418618121406,0.20429818443762662,-0.29706782466764803,-0.0014834634398704968
60,3,2,12,0.2852897692493579,0.1564708756286204,0.6332669469324218,0.8500259473501778,-0.2565321334817132,0.6099464948307318
60,3,3,3,-0.1190358583456389,-0.07077870179218781,-0.15440359749912488,-0.2121940007011216,-0.2692884982507008,-0.26283596311007174
60,3,3,6,-0.07163997536830224,-0.04214234465588107,-0.031080675679084627,-0.04339316461605125,-0.26486193218267695,-0.15911061400403598
60,3,3,12,0.010767517839501917,0.00622261679842806,0.1549034226828083,0.21394940617153332,-0.3364254786097852,0.018496270924966352
60,3,5,3,-0.20101811342514853,-0.1218913866027439,-0.4919893376249912,-0.7072115170988279,-0.3144081454694442,-0.38768520586751126
60,3,5,6,0.030499571942033565,0.01755396162983769,0.18911752114291172,0.2824509827285663,-0.1964199133717508,0.08936956201897148
60,3,5,12,0.12475092431715984,0.07046494033909001,0.41744725728321236,0.6290045876170205,-0.274693513496293,0.2565220395713528
60,5,2,3,-0.030291547176211853,-0.017658675765634846,0.09342467955744649,0.11555623935851117,-0.3225163054129597,-0.05475281549881374
60,5,2,6,-0.0035943883802783683,-0.0020834894459784703,0.14084895009340834,0.18305387624909777,-0.36876087674743707,-0.005649974217317648
60,5,2,12,0.14786498265574433,0.08315214776467372,0.4238633648557354,0.5558606804816876,-0.3107823789624783,0.2675574723453447
60,5,3,3,-0.02960452831004534,-0.01725562234208644,0.051997834206968206,0.0706994081198297,-0.25985709883434516,-0.0664042753478389
60,5,3,6,-0.07444081518252732,-0.04381723442205032,-0.05917447805486827,-0.08158797300470078,-0.30859432130958453,-0.14198976259868532
60,5,3,12,-0.097414325495493,-0.05763667708610909,-0.12450170822371125,-0.1671610372847601,-0.382449024691791,-0.15070420726672656
60,5,5,3,-0.11940227469392262,-0.0710025796867576,-0.27024239832688746,-0.38831135568943687,-0.297336390235481,-0.23879545867401503
60,5,5,6,0.02787645383990478,0.01605290276923088,0.17932853205542781,0.2671112726610829,-0.2493362945784492,0.06438253522765866
60,5,5,12,0.004973873798660877,0.002877918905006327,0.11245889035842574,0.16423109733964766,-0.3050702307728166,0.009433627455933223
84,2,2,3,-0.4010672483048199,-0.25688721033537076,-0.7194986052354629,-0.8988482269246972,-0.5493127022444656,-0.4676520482518278
84,2,2,6,-0.33920561397078475,-0.21335226806753893,-0.556250244446453,-0.6959218329955278,-0.5158952361873548,-0.41355735254368
84,2,2,12,-0.32394516536633855,-0.2028803498674726,-0.5222327206608417,-0.6542294618020414,-0.5619709737923257,-0.3610157095808409
84,2,3,3,-0.39839803192585077,-0.25497078746824553,-0.9009742301525925,-1.2091815051948616,-0.5113171880461087,-0.49865483388611065
84,2,3,6,-0.3984837931125512,-0.2550323059061298,-0.9027151285541509,-1.2227761437284885,-0.4975141354501459,-0.5126131857045209
84,2,3,12,-0.2709159532312849,-0.16724134059547846,-0.5227396145971754,-0.7133156184676049,-0.49627045849124696,-0.3369963650544962
84,2,5,3,-0.352091636155736,-0.22227432619768706,-0.9230171918823177,-1.2954360388150268,-0.46120259188912227,-0.48194509334224217
84,2,5,6,-0.43205777229553743,-0.2794069673754287,-1.2568130702564853,-1.8201153181434786,-0.5034419626972448,-0.554993401579947
84,2,5,12,-0.3617602070380306,-0.22901779986812854,-0.97986499195638,-1.4359360408686968,-0.5096324787502692,-0.44937834501782636
84,3,2,3,-0.4464566495999376,-0.2900457138989616,-0.9089368703446437,-1.1115323595238222,-0.5303608828172603,-0.5468836848567109
84,3,2,6,-0.29887578455707453,-0.18589088401877485,-0.49390691721696783,-0.6059784408266802,-0.4606544093476357,-0.4035365346486701
84,3,2,12,-0.34630450152865955,-0.2182582642869767,-0.6306185134045523,-0.7701754286715528,-0.5289605754793324,-0.4126172618615213
84,3,3,3,-0.44399785994800844,-0.28822084212622834,-1.148997513898725,-1.5067645640021174,-0.4906830587864265,-0.5873869842563255
84,3,3,6,-0.36225324741077447,-0.2293628252138269,-0.8552711355305244,-1.135125386239481,-0.4404695984862992,-0.5207233961255131
84,3,3,12,-0.29556328169752133,-0.18366526715979692,-0.6578512126889545,-0.8731339109914762,-0.4525814065502539,-0.40581708506269143
84,3,5,3,-0.40148456095974083,-0.25718715376103085,-1.2295594482075622,-1.6877271928950757,-0.4279272879139929,-0.601006668714059
84,3,5,6,-0.3982343114233964,-0.25485335729655256,-1.2404417677662838,-1.7656005582630283,-0.4492436493313018,-0.567294290472222
84,3,5,12,-0.3836919049788581,-0.244475700456545,-1.1901458776200038,-1.6908279930723238,-0.47468952813634746,-0.5150223166210716
84,5,2,3,-0.436780548573552,-0.2828837926619111,-0.9196620018308345,-1.1019666453372048,-0.4827270806364178,-0.5860118564074813
84,5,2,6,-0.23839320207835157,-0.14592288547535903,-0.3646243604116942,-0.4384175560687325,-0.40993959052659046,-0.3559619242628234
84,5,2,12,-0.3647617424093603,-0.23111998923405297,-0.7233378972340371,-0.867257873656081,-0.49379565446144313,-0.4680478395179952
84,5,3,3,-0.4342026062977403,-0.280984442692936,-1.1846290281269773,-1.5169432306722193,-0.45150422219506525,-0.6223296015414471
84,5,3,6,-0.30699283134013955,-0.19136338086603677,-0.7234045446188226,-0.9384805609874238,-0.382593588315851,-0.5001740403136508
84,5,3,12,-0.3154162702554022,-0.19707104202121184,-0.7815265024612883,-1.0077401421709777,-0.4149339333778548,-0.4749455905351356
84,5,5,3,-0.3902232557478129,-0.24912366859395674,-1.3159101163038613,-1.8213378344940194,-0.405412799356908,-0.6144938418055197
84,5,5,6,-0.34599599040314466,-0.21804458965916806,-1.1235345498148803,-1.5584791134946308,-0.39099233034970526,-0.5576697360384231
84,5,5,12,-0.4009514780263669,-0.25680401604373415,-1.4045117536532055,-1.9333892044788774,-0.4356112434539915,-0.589525683514313
